followers,foodies
palace_korean_restaurant,8days_eat
sylvviaa18,8days_eat
saymio1989,8days_eat
chrisliwei199,8days_eat
tts_eurocars,8days_eat
mohd_sohib__07,8days_eat
ll_ll_2021,8days_eat
ngyel,8days_eat
billyrusso786,8days_eat
coffeetorque,8days_eat
lim_kenji2007,8days_eat
soulsearing,8days_eat
happyseafood.sg,8days_eat
ivan.kong2,8days_eat
foodqoosg,8days_eat
instongram20,8days_eat
chillathome1,8days_eat
skygemini_with_2i,8days_eat
michikoraerae,8days_eat
sourspicykimchi,8days_eat
angeleubakery,8days_eat
hipporebirth,8days_eat
duckempire.sg,8days_eat
percivalbuensalida,8days_eat
pawonrap,8days_eat
no_content_nix,8days_eat
iamkeffie,8days_eat
cyml1129,8days_eat
dea_bestbites,8days_eat
smolnibbles,8days_eat
thenessykitchen,8days_eat
euphoreiya_eats,8days_eat
ahzhor.mugwortkueh,8days_eat
kongbakbao.sg,8days_eat
sansan_cooks,8days_eat
crispyunion,8days_eat
shindymrryna,8days_eat
jamie_old_item_collector,8days_eat
muahcheeboy,8days_eat
dadmade_,8days_eat
viewerstravel,8days_eat
linlin.veg,8days_eat
foodiesnoopie,8days_eat
vimandvigourpr,8days_eat
thechinesepotion,8days_eat
earthspired,8days_eat
nenn.habibis,8days_eat
dicsonstable,8days_eat
recipesfordaughter,8days_eat
geplek.chillis,8days_eat
gerald_in_colors,8days_eat
1corinthian13.4,8days_eat
bybakesmithj,8days_eat
luckyfishes_,8days_eat
yoke.yoo,8days_eat
cecilia.phua,8days_eat
staykhooandeat,8days_eat
lidjli,8days_eat
foodbymars_,8days_eat
fullstop.sin,8days_eat
madeinoz.shop,8days_eat
yummyumm.sg,8days_eat
wongfulleats,8days_eat
sygwife,8days_eat
glazovtakes,8days_eat
lindytan22,8days_eat
ooi_bo_jio,8days_eat
vegiiland,8days_eat
louiss.wang,8days_eat
kinsaryori,8days_eat
ryostylez,8days_eat
justforfun_mm,8days_eat
chinggetslow,8days_eat
elimchew77thstreet,8days_eat
pickingonveg,8days_eat
yotsub4,8days_eat
sgfoodiefam,8days_eat
thre3lilpigs,8days_eat
leechiak2,8days_eat
amyphang1,8days_eat
thelastcustomers,8days_eat
bhukkad_blog,8days_eat
onetastymoment,8days_eat
jamieaone,8days_eat
pure___23,8days_eat
the.coney,8days_eat
lasagnation_sg,8days_eat
fooding_good_life,8days_eat
gogogluttons,8days_eat
jojomakyl,8days_eat
cheahpng,8days_eat
joints.sg,8days_eat
jsapphirenini,8days_eat
eatdiarybyrach,8days_eat
yatkayan,8days_eat
wonderlinedrahma,8days_eat
gito_este,8days_eat
bak_changqueen,8days_eat
yolove666,8days_eat
alicechienll,8days_eat
hetypriscilla,8days_eat
facemaskexpress.sg,8days_eat
jessicach03,8days_eat
1durianleh,8days_eat
peterpanwesternfood,8days_eat
mammameveryday,8days_eat
hongappetit,8days_eat
jaxs_bistro,8days_eat
zein9629,8days_eat
dr.akilasrv,8days_eat
soulsugarbakes,8days_eat
fuluxe,8days_eat
family___chef,8days_eat
marcorawframes,8days_eat
whiskdom,8days_eat
skinniefoodies,8days_eat
ms_syltong,8days_eat
mavis_wanczyk2470,8days_eat
themasonstable,8days_eat
winston_ng,8days_eat
brunchunnie,8days_eat
empresswan_kitchen,8days_eat
econo_homefix.sg,8days_eat
fnbsays.sg,8days_eat
bakedreamzsg,8days_eat
zaddy_fan,8days_eat
fooddiekuu,8days_eat
amealbymr.j,8days_eat
nicolwyw,8days_eat
laurel_beautifulvenues_food,8days_eat
team_catering,8days_eat
usarice.sg,8days_eat
juihotan,8days_eat
singaporewithstrangers,8days_eat
belly.baobao,8days_eat
smilecoffee25,8days_eat
tginasilemak,8days_eat
meatwarehousesg,8days_eat
gastrogig,8days_eat
fatfoodieme,8days_eat
joey1523,8days_eat
mooody_foooody,8days_eat
majesticbayrestaurantsg,8days_eat
akitchenfoods,8days_eat
kuehlapisbymom,8days_eat
currycallmepapa,8days_eat
eugenelu_,8days_eat
wunderfolks,8days_eat
johnnywong5566,8days_eat
honeynyou_sg,8days_eat
muk_mat_coffee,8days_eat
meloaad26,8days_eat
creaxbakery,8days_eat
ay.den5510,8days_eat
pohhuaindustrial,8days_eat
6liandurian,8days_eat
foodfoodiefoodfood,8days_eat
eightgems,8days_eat
iiioo____88,8days_eat
bakenlove93,8days_eat
good_heart_good_eats_,8days_eat
fammealsg,8days_eat
joyfulbites.my,8days_eat
chris.tiankoh,8days_eat
not_only_food87,8days_eat
allblackoutsg,8days_eat
masons.gillman,8days_eat
byawhiskersg,8days_eat
jasonpenangcuisine,8days_eat
house_of_chirashi_sg,8days_eat
cutevioletbakes,8days_eat
eatdrinkplayhappysg,8days_eat
dizzydumplings,8days_eat
foodshopnetwork,8days_eat
lao_muji,8days_eat
yammycakesg,8days_eat
travel.dine.world,8days_eat
danielsmellysa,8days_eat
tarablissspa,8days_eat
mdmlewbuttercake,8days_eat
cherishmeahh,8days_eat
webandtoast,8days_eat
easteeeats.claricetee,8days_eat
numello.sg,8days_eat
ceciliasmeryenda,8days_eat
bite.sizesg,8days_eat
periqillo,8days_eat
cakesandyarns,8days_eat
dfordough,8days_eat
belsfoodblog,8days_eat
billy_shabani,8days_eat
poklol.tv,8days_eat
assortedmuffins,8days_eat
sashaspantry,8days_eat
gimmethatcheeseburger,8days_eat
shannomnomnoms,8days_eat
carinayong88,8days_eat
xiexieni.sg,8days_eat
sweetnessthatlingers,8days_eat
jjjjanetttt,8days_eat
azhibekovaartykbu,8days_eat
malzvlogs,8days_eat
cookiefix.sg,8days_eat
foodie.liang,8days_eat
shineeztarleevingthelife,8days_eat
s3ah2019,8days_eat
indorasa.sg,8days_eat
skybistronsrcc,8days_eat
aranchaglez3,8days_eat
foodunknownph,8days_eat
sharonmah6,8days_eat
ihustleatravelust,8days_eat
come.jade,8days_eat
jeffo_wings,8days_eat
blessedlittlehedgehog,8days_eat
lorbakmama,8days_eat
chongpanghuat_mm,8days_eat
grandmacancook,8days_eat
happyjoylaughter,8days_eat
mc_bo_eng,8days_eat
flourndins,8days_eat
myjollycorner,8days_eat
yoake_culinary_fun,8days_eat
bellyoffood,8days_eat
taitaismarket,8days_eat
food.forphotos,8days_eat
my9essentials,8days_eat
senghuattraditioncoffee,8days_eat
mamink_daeng_tata,8days_eat
wcl_mysg,8days_eat
jikpix,8days_eat
wkndbaker,8days_eat
__themonocook__,8days_eat
food_monsterz,8days_eat
ta24fdd,8days_eat
msphebs_parach,8days_eat
harmonynasilemak,8days_eat
mrandmrsmakan,8days_eat
mistercycles,8days_eat
fitnessdumbbells,8days_eat
yusquad4,8days_eat
chloejuliarella,8days_eat
gokbbq_singapore,8days_eat
tingting_3333,8days_eat
dr.ap04,8days_eat
nathsdetermination,8days_eat
soupnco_sg,8days_eat
fooderella95,8days_eat
a.counting.cook,8days_eat
cyu_food,8days_eat
hockguanfood,8days_eat
interestingdiscoveries,8days_eat
mischief.sg,8days_eat
instaflo77,8days_eat
sgfooddiva,8days_eat
jwalangrg,8days_eat
bindingbits,8days_eat
leeanniela,8days_eat
emosnackssg,8days_eat
ioosteriasg,8days_eat
yamadad.hk,8days_eat
hongyunkitchen,8days_eat
orchardfoodmarket,8days_eat
sgkofuku,8days_eat
foodnally,8days_eat
ohsomebowls.sg,8days_eat
marsha.kimcil,8days_eat
snackit.sg,8days_eat
deenkooks,8days_eat
agucooks,8days_eat
brandingsolutions.ad,8days_eat
watchwhenhungry,8days_eat
yun_deli,8days_eat
tea_andtalk,8days_eat
papistacossg,8days_eat
dunjudge.me,8days_eat
allagbaestelle,8days_eat
racketbishop,8days_eat
nuttojar,8days_eat
purechimp.asia,8days_eat
ghostdoggojeuneoghan,8days_eat
wfhkitchen.co,8days_eat
nandezfood,8days_eat
sylovesfood,8days_eat
congee_house,8days_eat
thefoodeve,8days_eat
seatobag,8days_eat
yumsinmytummy,8days_eat
1litre_sg,8days_eat
madmexsingapore,8days_eat
quikerly.sg,8days_eat
jember310,8days_eat
shaoparadise,8days_eat
yt_cookndine,8days_eat
simplehealthyfoodeats,8days_eat
overlycheezysg,8days_eat
fiery.141,8days_eat
jytan1,8days_eat
foo.dlo2020,8days_eat
gastroneomy,8days_eat
jogindervashish,8days_eat
anyhowlycooking,8days_eat
anita_03_69,8days_eat
kkandeat,8days_eat
_2ir.j,8days_eat
nalasingapore,8days_eat
thewoodenfork,8days_eat
ellie.foodie.lover,8days_eat
cooking_mehhh,8days_eat
chelchefp,8days_eat
v.o.s.s.a,8days_eat
ash.leigh.yan,8days_eat
plateable_,8days_eat
linorestaurant,8days_eat
csfoodsg,8days_eat
leonardlew1990,8days_eat
govinhairsg,8days_eat
tidbits.app,8days_eat
jhove_cooks,8days_eat
qrmart.sg,8days_eat
siamsaap,8days_eat
cheesystoryy,8days_eat
menusandvenues.sg,8days_eat
goingom,8days_eat
jkktamjiak,8days_eat
old_lee_ytf,8days_eat
japan.anime55,8days_eat
sg_foodhopper,8days_eat
bodegas_solis,8days_eat
nalaroosg,8days_eat
foodalbum1,8days_eat
store.eosg,8days_eat
thebaldmancooks,8days_eat
inhealaroma,8days_eat
sluckeatinghouse,8days_eat
bali_royal_cuisine,8days_eat
yl_cookingdairy,8days_eat
thegourmetemporiumsg,8days_eat
dirtybunsg,8days_eat
alchemy_foods,8days_eat
sugartreegelato,8days_eat
sridevi18,8days_eat
ms.xpress.sg,8days_eat
sun_todolist,8days_eat
kaisushisb,8days_eat
xtrasgg,8days_eat
jeffrytuisieng,8days_eat
sgdabao,8days_eat
belliesfooddiary,8days_eat
mizzycorner,8days_eat
theemeraldbakery,8days_eat
littlestuff_sg,8days_eat
morselsdabao,8days_eat
shangfinecollection,8days_eat
trusted_0,8days_eat
uninanda,8days_eat
brandfitsg,8days_eat
siamsushitallahassee,8days_eat
omkelthoum_k,8days_eat
wendintoglam,8days_eat
pratalobang,8days_eat
eva_expresso,8days_eat
a1curry_co,8days_eat
jumpyjinggoestoeat,8days_eat
kwonnutrition,8days_eat
lepetitcroissantasia,8days_eat
littlefeetbigfootprints,8days_eat
yenlyyourssingapore,8days_eat
saymio1989,danielfooddiary
sylvviaa18,danielfooddiary
chrisliwei199,danielfooddiary
mohd_sohib__07,danielfooddiary
foodqoosg,danielfooddiary
tts_eurocars,danielfooddiary
art.farid.m.s,danielfooddiary
yonyon_83,danielfooddiary
ll_ll_2021,danielfooddiary
ngyel,danielfooddiary
billyrusso786,danielfooddiary
coffeetorque,danielfooddiary
lim_kenji2007,danielfooddiary
ivan.kong2,danielfooddiary
instongram20,danielfooddiary
skygemini_with_2i,danielfooddiary
jiaowopapi,danielfooddiary
michikoraerae,danielfooddiary
sourspicykimchi,danielfooddiary
sgfoodcollective,danielfooddiary
oimakanalr,danielfooddiary
angeleubakery,danielfooddiary
soulsearing,danielfooddiary
duckempire.sg,danielfooddiary
pawonrap,danielfooddiary
happyseafood.sg,danielfooddiary
no_content_nix,danielfooddiary
iamkeffie,danielfooddiary
cyml1129,danielfooddiary
chengjimmy55,danielfooddiary
smolnibbles,danielfooddiary
thenessykitchen,danielfooddiary
euphoreiya_eats,danielfooddiary
ahzhor.mugwortkueh,danielfooddiary
kongbakbao.sg,danielfooddiary
dapurmyura,danielfooddiary
skinniefoodies,danielfooddiary
sansan_cooks,danielfooddiary
crispyunion,danielfooddiary
warungleri,danielfooddiary
tingting_3333,danielfooddiary
jamie_old_item_collector,danielfooddiary
dadmade_,danielfooddiary
viewerstravel,danielfooddiary
linlin.veg,danielfooddiary
foodiesnoopie,danielfooddiary
earthspired,danielfooddiary
nenn.habibis,danielfooddiary
recipesfordaughter,danielfooddiary
gerald_in_colors,danielfooddiary
luckyfishes_,danielfooddiary
cecilia.phua,danielfooddiary
percivalbuensalida,danielfooddiary
staykhooandeat,danielfooddiary
lidjli,danielfooddiary
foodbymars_,danielfooddiary
fullstop.sin,danielfooddiary
hipporebirth,danielfooddiary
fashion_for_evers,danielfooddiary
cheahpng,danielfooddiary
bak_changqueen,danielfooddiary
yummyumm.sg,danielfooddiary
wongfulleats,danielfooddiary
sridevi18,danielfooddiary
jeh1_thaithaikitchen,danielfooddiary
socialmarketllp,danielfooddiary
sygwife,danielfooddiary
lindytan22,danielfooddiary
ooi_bo_jio,danielfooddiary
vegiiland,danielfooddiary
louiss.wang,danielfooddiary
kinsaryori,danielfooddiary
ryostylez,danielfooddiary
lovechowsg,danielfooddiary
chinggetslow,danielfooddiary
elimchew77thstreet,danielfooddiary
yotsub4,danielfooddiary
sgfoodiefam,danielfooddiary
leechiak2,danielfooddiary
thre3lilpigs,danielfooddiary
amyphang1,danielfooddiary
thelastcustomers,danielfooddiary
bhukkad_blog,danielfooddiary
myhardearnedmoney,danielfooddiary
onetastymoment,danielfooddiary
jamieaone,danielfooddiary
markgktan,danielfooddiary
hakkachang,danielfooddiary
lorbakmama,danielfooddiary
pure___23,danielfooddiary
the.coney,danielfooddiary
lasagnation_sg,danielfooddiary
fooding_good_life,danielfooddiary
omahkayu.sg,danielfooddiary
gogogluttons,danielfooddiary
justforfun_mm,danielfooddiary
joints.sg,danielfooddiary
wonderlinedrahma,danielfooddiary
good_heart_good_eats_,danielfooddiary
yolove666,danielfooddiary
gito_este,danielfooddiary
alicechienll,danielfooddiary
hetypriscilla,danielfooddiary
itz.all.about.foodddd,danielfooddiary
easteeeats.claricetee,danielfooddiary
facemaskexpress.sg,danielfooddiary
annie_cooks1990,danielfooddiary
jessicach03,danielfooddiary
dicsonstable,danielfooddiary
1durianleh,danielfooddiary
peterpanwesternfood,danielfooddiary
mammameveryday,danielfooddiary
jaxs_bistro,danielfooddiary
hongappetit,danielfooddiary
dr.akilasrv,danielfooddiary
bluewavedurian,danielfooddiary
laomadumplings,danielfooddiary
soulsugarbakes,danielfooddiary
jojomakyl,danielfooddiary
fuluxe,danielfooddiary
family___chef,danielfooddiary
marcorawframes,danielfooddiary
bluewave_durian,danielfooddiary
themasonstable,danielfooddiary
yenlyyourssingapore,danielfooddiary
chatsworthcookies,danielfooddiary
fnbsays.sg,danielfooddiary
ms_syltong,danielfooddiary
mavis_wanczyk2470,danielfooddiary
winston_ng,danielfooddiary
econo_homefix.sg,danielfooddiary
empresswan_kitchen,danielfooddiary
brunchunnie,danielfooddiary
bakedreamzsg,danielfooddiary
zaddy_fan,danielfooddiary
arcticgrocersg,danielfooddiary
fooddiekuu,danielfooddiary
amealbymr.j,danielfooddiary
nicolwyw,danielfooddiary
nathsdetermination,danielfooddiary
laurel_beautifulvenues_food,danielfooddiary
ommznom,danielfooddiary
usarice.sg,danielfooddiary
miansgp,danielfooddiary
juihotan,danielfooddiary
smilecoffee25,danielfooddiary
testubebabe,danielfooddiary
tginasilemak,danielfooddiary
diningcitysingapore,danielfooddiary
meatwarehousesg,danielfooddiary
gastrogig,danielfooddiary
fatfoodieme,danielfooddiary
joey1523,danielfooddiary
mooody_foooody,danielfooddiary
glacial.services,danielfooddiary
majesticbayrestaurantsg,danielfooddiary
akitchenfoods,danielfooddiary
pickingonveg,danielfooddiary
kuehlapisbymom,danielfooddiary
tarablissspa,danielfooddiary
currycallmepapa,danielfooddiary
ki_kh_lin,danielfooddiary
eugenelu_,danielfooddiary
johnnywong5566,danielfooddiary
wunderfolks,danielfooddiary
muk_mat_coffee,danielfooddiary
camyspassion,danielfooddiary
travel.dine.world,danielfooddiary
meloaad26,danielfooddiary
ay.den5510,danielfooddiary
pohhuaindustrial,danielfooddiary
6liandurian,danielfooddiary
honeynyou_sg,danielfooddiary
geplek.chillis,danielfooddiary
iiioo____88,danielfooddiary
bakenlove93,danielfooddiary
fammealsg,danielfooddiary
eatdiarybyrach,danielfooddiary
joyfulbites.my,danielfooddiary
not_only_food87,danielfooddiary
allblackoutsg,danielfooddiary
masons.gillman,danielfooddiary
zein9629,danielfooddiary
jasonpenangcuisine,danielfooddiary
house_of_chirashi_sg,danielfooddiary
cutevioletbakes,danielfooddiary
eatdrinkplayhappysg,danielfooddiary
dizzydumplings,danielfooddiary
foodshopnetwork,danielfooddiary
lao_muji,danielfooddiary
yammycakesg,danielfooddiary
mdmlewbuttercake,danielfooddiary
webandtoast,danielfooddiary
numello.sg,danielfooddiary
cherishmeahh,danielfooddiary
bite.sizesg,danielfooddiary
periqillo,danielfooddiary
jsapphirenini,danielfooddiary
cakesandyarns,danielfooddiary
ceciliasmeryenda,danielfooddiary
dfordough,danielfooddiary
belsfoodblog,danielfooddiary
billy_shabani,danielfooddiary
assortedmuffins,danielfooddiary
gimmethatcheeseburger,danielfooddiary
sashaspantry,danielfooddiary
shannomnomnoms,danielfooddiary
carinayong88,danielfooddiary
xiexieni.sg,danielfooddiary
jjjjanetttt,danielfooddiary
azhibekovaartykbu,danielfooddiary
malzvlogs,danielfooddiary
byawhiskersg,danielfooddiary
foodie.liang,danielfooddiary
shineeztarleevingthelife,danielfooddiary
s3ah2019,danielfooddiary
indorasa.sg,danielfooddiary
backdoor_alley,danielfooddiary
skybistronsrcc,danielfooddiary
marktampakho,danielfooddiary
happyjoylaughter,danielfooddiary
aranchaglez3,danielfooddiary
soupnco_sg,danielfooddiary
ihustleatravelust,danielfooddiary
sharonmah6,danielfooddiary
come.jade,danielfooddiary
jeffo_wings,danielfooddiary
blessedlittlehedgehog,danielfooddiary
chongpanghuat_mm,danielfooddiary
grandmacancook,danielfooddiary
tbdecided,danielfooddiary
mc_bo_eng,danielfooddiary
flourndins,danielfooddiary
yoake_culinary_fun,danielfooddiary
whiskdom,danielfooddiary
foodunknownph,danielfooddiary
bellyoffood,danielfooddiary
taitaismarket,danielfooddiary
my9essentials,danielfooddiary
interestingdiscoveries,danielfooddiary
senghuattraditioncoffee,danielfooddiary
barbiekerr.wang1130,danielfooddiary
mamink_daeng_tata,danielfooddiary
wcl_mysg,danielfooddiary
jikpix,danielfooddiary
wkndbaker,danielfooddiary
__themonocook__,danielfooddiary
shiopanz,danielfooddiary
msphebs_parach,danielfooddiary
myjollycorner,danielfooddiary
food_monsterz,danielfooddiary
food.forphotos,danielfooddiary
dwealthfx,danielfooddiary
afterworkbakers,danielfooddiary
ta24fdd,danielfooddiary
mrandmrsmakan,danielfooddiary
mistercycles,danielfooddiary
fitnessdumbbells,danielfooddiary
yusquad4,danielfooddiary
harmonynasilemak,danielfooddiary
fryzyysg,danielfooddiary
tartsoclock,danielfooddiary
gokbbq_singapore,danielfooddiary
dr.ap04,danielfooddiary
fooderella95,danielfooddiary
yamadad.hk,danielfooddiary
cookiefix.sg,danielfooddiary
a.counting.cook,danielfooddiary
thechinesepotion,danielfooddiary
whitecolorplates,danielfooddiary
hockguanfood,danielfooddiary
bybakesmithj,danielfooddiary
instaflo77,danielfooddiary
sgfooddiva,danielfooddiary
jwalangrg,danielfooddiary
bindingbits,danielfooddiary
brandingsolutions.ad,danielfooddiary
leeanniela,danielfooddiary
emosnackssg,danielfooddiary
orchardfoodmarket,danielfooddiary
mischief.sg,danielfooddiary
sgkofuku,danielfooddiary
foodnally,danielfooddiary
ohsomebowls.sg,danielfooddiary
marsha.kimcil,danielfooddiary
hongyunkitchen,danielfooddiary
deenkooks,danielfooddiary
agucooks,danielfooddiary
eightgems,danielfooddiary
nalaroosg,danielfooddiary
watchwhenhungry,danielfooddiary
yun_deli,danielfooddiary
whimsical.woodlands,danielfooddiary
tea_andtalk,danielfooddiary
papistacossg,danielfooddiary
belly.baobao,danielfooddiary
allagbaestelle,danielfooddiary
racketbishop,danielfooddiary
nuttojar,danielfooddiary
nandezfood,danielfooddiary
ghostdoggojeuneoghan,danielfooddiary
wfhkitchen.co,danielfooddiary
purechimp.asia,danielfooddiary
team_catering,danielfooddiary
sylovesfood,danielfooddiary
congee_house,danielfooddiary
ms.xpress.sg,danielfooddiary
ioosteriasg,danielfooddiary
thefoodeve,danielfooddiary
seatobag,danielfooddiary
yumsinmytummy,danielfooddiary
chloejuliarella,danielfooddiary
madmexsingapore,danielfooddiary
quikerly.sg,danielfooddiary
jember310,danielfooddiary
shaoparadise,danielfooddiary
simplehealthyfoodeats,danielfooddiary
overlycheezysg,danielfooddiary
cyu_food,danielfooddiary
jytan1,danielfooddiary
foo.dlo2020,danielfooddiary
jogindervashish,danielfooddiary
anyhowlycooking,danielfooddiary
chris.tiankoh,danielfooddiary
anita_03_69,danielfooddiary
creaxbakery,danielfooddiary
gastroneomy,danielfooddiary
kkandeat,danielfooddiary
_2ir.j,danielfooddiary
melmeowling,danielfooddiary
muahcheeboy,danielfooddiary
nalasingapore,danielfooddiary
thewoodenfork,danielfooddiary
ellie.foodie.lover,danielfooddiary
cooking_mehhh,danielfooddiary
chelchefp,danielfooddiary
yt_cookndine,danielfooddiary
v.o.s.s.a,danielfooddiary
ash.leigh.yan,danielfooddiary
plateable_,danielfooddiary
linorestaurant,danielfooddiary
csfoodsg,danielfooddiary
govinhairsg,danielfooddiary
jeffrytuisieng,danielfooddiary
leonardlew1990,danielfooddiary
tidbits.app,danielfooddiary
qrmart.sg,danielfooddiary
siamsaap,danielfooddiary
cheesystoryy,danielfooddiary
menusandvenues.sg,danielfooddiary
jhove_cooks,danielfooddiary
goingom,danielfooddiary
jkktamjiak,danielfooddiary
old_lee_ytf,danielfooddiary
japan.anime55,danielfooddiary
sg_foodhopper,danielfooddiary
bodegas_solis,danielfooddiary
foodalbum1,danielfooddiary
store.eosg,danielfooddiary
inhealaroma,danielfooddiary
thebaldmancooks,danielfooddiary
sluckeatinghouse,danielfooddiary
poklol.tv,danielfooddiary
bali_royal_cuisine,danielfooddiary
yl_cookingdairy,danielfooddiary
thegourmetemporiumsg,danielfooddiary
uncledidi48,danielfooddiary
glazovtakes,danielfooddiary
fiery.141,danielfooddiary
dirtybunsg,danielfooddiary
alchemy_foods,danielfooddiary
sugartreegelato,danielfooddiary
yoke.yoo,danielfooddiary
sun_todolist,danielfooddiary
kaisushisb,danielfooddiary
sweetnessthatlingers,danielfooddiary
foodfoodiefoodfood,danielfooddiary
xtrasgg,danielfooddiary
sgdabao,danielfooddiary
belliesfooddiary,danielfooddiary
mizzycorner,danielfooddiary
morselsdabao,danielfooddiary
theemeraldbakery,danielfooddiary
littlestuff_sg,danielfooddiary
shangfinecollection,danielfooddiary
eva_expresso,danielfooddiary
trusted_0,danielfooddiary
yatkayan,danielfooddiary
uninanda,danielfooddiary
brandfitsg,danielfooddiary
dunjudge.me,danielfooddiary
omkelthoum_k,danielfooddiary
hq_3_kibummie,danielfooddiary
wendintoglam,danielfooddiary
pratalobang,danielfooddiary
1corinthian13.4,danielfooddiary
a1curry_co,danielfooddiary
kwonnutrition,danielfooddiary
lepetitcroissantasia,danielfooddiary
jumpyjinggoestoeat,danielfooddiary
danielsmellysa,danielfooddiary
littlefeetbigfootprints,danielfooddiary
saymio1989,eatbooksg
chrisliwei199,eatbooksg
tts_eurocars,eatbooksg
yonyon_83,eatbooksg
ngyel,eatbooksg
billyrusso786,eatbooksg
coffeetorque,eatbooksg
lim_kenji2007,eatbooksg
happyseafood.sg,eatbooksg
ivan.kong2,eatbooksg
foodqoosg,eatbooksg
instongram20,eatbooksg
chillathome1,eatbooksg
skygemini_with_2i,eatbooksg
jiaowopapi,eatbooksg
michikoraerae,eatbooksg
sourspicykimchi,eatbooksg
sgfoodcollective,eatbooksg
oimakanalr,eatbooksg
ahzhor.mugwortkueh,eatbooksg
angeleubakery,eatbooksg
duckempire.sg,eatbooksg
soulsearing,eatbooksg
percivalbuensalida,eatbooksg
no_content_nix,eatbooksg
iamkeffie,eatbooksg
cyml1129,eatbooksg
dea_bestbites,eatbooksg
chengjimmy55,eatbooksg
smolnibbles,eatbooksg
thenessykitchen,eatbooksg
kongbakbao.sg,eatbooksg
dapurmyura,eatbooksg
jeh1_thaithaikitchen,eatbooksg
allblackoutsg,eatbooksg
sansan_cooks,eatbooksg
crispyunion,eatbooksg
shindymrryna,eatbooksg
tingting_3333,eatbooksg
jamie_old_item_collector,eatbooksg
linlin.veg,eatbooksg
eightgems,eatbooksg
foodiesnoopie,eatbooksg
vimandvigourpr,eatbooksg
earthspired,eatbooksg
gerald_in_colors,eatbooksg
luckyfishes_,eatbooksg
cecilia.phua,eatbooksg
staykhooandeat,eatbooksg
lidjli,eatbooksg
foodbymars_,eatbooksg
fullstop.sin,eatbooksg
hipporebirth,eatbooksg
leechiak2,eatbooksg
bak_changqueen,eatbooksg
wongfulleats,eatbooksg
socialmarketllp,eatbooksg
sygwife,eatbooksg
vegiiland,eatbooksg
lindytan22,eatbooksg
ooi_bo_jio,eatbooksg
louiss.wang,eatbooksg
ryostylez,eatbooksg
chinggetslow,eatbooksg
pickingonveg,eatbooksg
hq_3_kibummie,eatbooksg
sgfoodiefam,eatbooksg
thre3lilpigs,eatbooksg
facemaskexpress.sg,eatbooksg
thelastcustomers,eatbooksg
myhardearnedmoney,eatbooksg
onetastymoment,eatbooksg
jamieaone,eatbooksg
markgktan,eatbooksg
ihustleatravelust,eatbooksg
team_catering,eatbooksg
lorbakmama,eatbooksg
pure___23,eatbooksg
gogogluttons,eatbooksg
the.coney,eatbooksg
lasagnation_sg,eatbooksg
fooding_good_life,eatbooksg
omahkayu.sg,eatbooksg
justforfun_mm,eatbooksg
cheahpng,eatbooksg
joints.sg,eatbooksg
wonderlinedrahma,eatbooksg
yatkayan,eatbooksg
good_heart_good_eats_,eatbooksg
yolove666,eatbooksg
lovechowsg,eatbooksg
madeinoz.shop,eatbooksg
annie_cooks1990,eatbooksg
mammameveryday,eatbooksg
itz.all.about.foodddd,eatbooksg
jessicach03,eatbooksg
1durianleh,eatbooksg
peterpanwesternfood,eatbooksg
hongappetit,eatbooksg
marcorawframes,eatbooksg
jaxs_bistro,eatbooksg
zein9629,eatbooksg
dr.akilasrv,eatbooksg
bluewavedurian,eatbooksg
laomadumplings,eatbooksg
soulsugarbakes,eatbooksg
fuluxe,eatbooksg
family___chef,eatbooksg
whiskdom,eatbooksg
bluewave_durian,eatbooksg
themasonstable,eatbooksg
gastrogig,eatbooksg
yenlyyourssingapore,eatbooksg
chatsworthcookies,eatbooksg
skinniefoodies,eatbooksg
ms_syltong,eatbooksg
fnbsays.sg,eatbooksg
jsapphirenini,eatbooksg
mavis_wanczyk2470,eatbooksg
winston_ng,eatbooksg
brunchunnie,eatbooksg
bakedreamzsg,eatbooksg
arcticgrocersg,eatbooksg
fooddiekuu,eatbooksg
majesticbayrestaurantsg,eatbooksg
nicolwyw,eatbooksg
nathsdetermination,eatbooksg
laurel_beautifulvenues_food,eatbooksg
econo_homefix.sg,eatbooksg
ommznom,eatbooksg
usarice.sg,eatbooksg
miansgp,eatbooksg
juihotan,eatbooksg
testubebabe,eatbooksg
tginasilemak,eatbooksg
diningcitysingapore,eatbooksg
meatwarehousesg,eatbooksg
fatfoodieme,eatbooksg
joey1523,eatbooksg
mooody_foooody,eatbooksg
glacial.services,eatbooksg
pohhuaindustrial,eatbooksg
missggrillandbar,eatbooksg
kuehlapisbymom,eatbooksg
honeynyou_sg,eatbooksg
ki_kh_lin,eatbooksg
eugenelu_,eatbooksg
wunderfolks,eatbooksg
meloaad26,eatbooksg
creaxbakery,eatbooksg
ay.den5510,eatbooksg
6liandurian,eatbooksg
foodfoodiefoodfood,eatbooksg
geplek.chillis,eatbooksg
leechiak2,fundamentally_flawed
palace_korean_restaurant,fundamentally_flawed
sylvviaa18,fundamentally_flawed
saymio1989,fundamentally_flawed
tts_eurocars,fundamentally_flawed
art.farid.m.s,fundamentally_flawed
billyrusso786,fundamentally_flawed
ivan.kong2,fundamentally_flawed
chillathome1,fundamentally_flawed
michikoraerae,fundamentally_flawed
sourspicykimchi,fundamentally_flawed
dadmade_,fundamentally_flawed
tingting_3333,fundamentally_flawed
oimakanalr,fundamentally_flawed
instaflo77,fundamentally_flawed
pawonrap,fundamentally_flawed
no_content_nix,fundamentally_flawed
iamkeffie,fundamentally_flawed
ihustleatravelust,fundamentally_flawed
smolnibbles,fundamentally_flawed
euphoreiya_eats,fundamentally_flawed
kongbakbao.sg,fundamentally_flawed
skinniefoodies,fundamentally_flawed
papistacossg,fundamentally_flawed
viewerstravel,fundamentally_flawed
earthspired,fundamentally_flawed
nenn.habibis,fundamentally_flawed
recipesfordaughter,fundamentally_flawed
fooddiekuu,fundamentally_flawed
afterworkbakers,fundamentally_flawed
yoke.yoo,fundamentally_flawed
percivalbuensalida,fundamentally_flawed
madeinoz.shop,fundamentally_flawed
fullstop.sin,fundamentally_flawed
fashion_for_evers,fundamentally_flawed
bak_changqueen,fundamentally_flawed
yummyumm.sg,fundamentally_flawed
wongfulleats,fundamentally_flawed
sygwife,fundamentally_flawed
jeh1_thaithaikitchen,fundamentally_flawed
glazovtakes,fundamentally_flawed
sweetnessthatlingers,fundamentally_flawed
kinsaryori,fundamentally_flawed
ryostylez,fundamentally_flawed
bindingbits,fundamentally_flawed
elimchew77thstreet,fundamentally_flawed
fooding_good_life,fundamentally_flawed
yotsub4,fundamentally_flawed
onetastymoment,fundamentally_flawed
bhukkad_blog,fundamentally_flawed
markgktan,fundamentally_flawed
carinayong88,fundamentally_flawed
hakkachang,fundamentally_flawed
pure___23,fundamentally_flawed
gogogluttons,fundamentally_flawed
omahkayu.sg,fundamentally_flawed
annie_cooks1990,fundamentally_flawed
siamsushitallahassee,fundamentally_flawed
foodfoodiefoodfood,fundamentally_flawed
good_heart_good_eats_,fundamentally_flawed
gito_este,fundamentally_flawed
alicechienll,fundamentally_flawed
hetypriscilla,fundamentally_flawed
soulsugarbakes,fundamentally_flawed
jessicach03,fundamentally_flawed
creaxbakery,fundamentally_flawed
brunchunnie,fundamentally_flawed
miansgp,fundamentally_flawed
hongappetit,fundamentally_flawed
jojomakyl,fundamentally_flawed
family___chef,fundamentally_flawed
testubebabe,fundamentally_flawed
lovechowsg,fundamentally_flawed
ms_syltong,fundamentally_flawed
fnbsays.sg,fundamentally_flawed
team_catering,fundamentally_flawed
marcorawframes,fundamentally_flawed
dfordough,fundamentally_flawed
thenessykitchen,fundamentally_flawed
diningcitysingapore,fundamentally_flawed
nicolwyw,fundamentally_flawed
laurel_beautifulvenues_food,fundamentally_flawed
ommznom,fundamentally_flawed
sun_todolist,fundamentally_flawed
singaporewithstrangers,fundamentally_flawed
tginasilemak,fundamentally_flawed
fatfoodieme,fundamentally_flawed
mooody_foooody,fundamentally_flawed
pohhuaindustrial,fundamentally_flawed
majesticbayrestaurantsg,fundamentally_flawed
missggrillandbar,fundamentally_flawed
facemaskexpress.sg,fundamentally_flawed
kuehlapisbymom,fundamentally_flawed
tarablissspa,fundamentally_flawed
honeynyou_sg,fundamentally_flawed
bakenlove93,fundamentally_flawed
glacial.services,fundamentally_flawed
currycallmepapa,fundamentally_flawed
sashaspantry,fundamentally_flawed
johnnywong5566,fundamentally_flawed
muk_mat_coffee,fundamentally_flawed
camyspassion,fundamentally_flawed
plateable_,fundamentally_flawed
bellyoffood,fundamentally_flawed
ay.den5510,fundamentally_flawed
snackit.sg,fundamentally_flawed
eatdiarybyrach,fundamentally_flawed
joyfulbites.my,fundamentally_flawed
chris.tiankoh,fundamentally_flawed
not_only_food87,fundamentally_flawed
masons.gillman,fundamentally_flawed
byawhiskersg,fundamentally_flawed
jasonpenangcuisine,fundamentally_flawed
house_of_chirashi_sg,fundamentally_flawed
shiopanz,fundamentally_flawed
foodshopnetwork,fundamentally_flawed
dizzydumplings,fundamentally_flawed
marktampakho,fundamentally_flawed
lao_muji,fundamentally_flawed
yammycakesg,fundamentally_flawed
wfhkitchen.co,fundamentally_flawed
tbdecided,fundamentally_flawed
danielsmellysa,fundamentally_flawed
numello.sg,fundamentally_flawed
xtrasgg,fundamentally_flawed
karen_tohh,fundamentally_flawed
bite.sizesg,fundamentally_flawed
periqillo,fundamentally_flawed
cakesandyarns,fundamentally_flawed
ceciliasmeryenda,fundamentally_flawed
billy_shabani,fundamentally_flawed
assortedmuffins,fundamentally_flawed
myhardearnedmoney,fundamentally_flawed
jjjjanetttt,fundamentally_flawed
azhibekovaartykbu,fundamentally_flawed
malzvlogs,fundamentally_flawed
cookiefix.sg,fundamentally_flawed
foodie.liang,fundamentally_flawed
saymio1989,foodkingnoc
coffeetorque,foodkingnoc
ngyel,foodkingnoc
skygemini_with_2i,foodkingnoc
lim_kenji2007,foodkingnoc
foodqoosg,foodkingnoc
instongram20,foodkingnoc
warungleri,foodkingnoc
duckempire.sg,foodkingnoc
soulsearing,foodkingnoc
iamkeffie,foodkingnoc
fooddiekuu,foodkingnoc
kongbakbao.sg,foodkingnoc
shindymrryna,foodkingnoc
cecilia.phua,foodkingnoc
staykhooandeat,foodkingnoc
gogogluttons,foodkingnoc
fullstop.sin,foodkingnoc
hipporebirth,foodkingnoc
madeinoz.shop,foodkingnoc
sweetnessthatlingers,foodkingnoc
wongfulleats,foodkingnoc
socialmarketllp,foodkingnoc
sgfoodiefam,foodkingnoc
chinggetslow,foodkingnoc
easteeeats.claricetee,foodkingnoc
good_heart_good_eats_,foodkingnoc
thre3lilpigs,foodkingnoc
jamieaone,foodkingnoc
thelastcustomers,foodkingnoc
facemaskexpress.sg,foodkingnoc
the.coney,foodkingnoc
fooding_good_life,foodkingnoc
itz.all.about.foodddd,foodkingnoc
wendintoglam,foodkingnoc
skinniefoodies,foodkingnoc
whiskdom,foodkingnoc
fuluxe,foodkingnoc
gastrogig,foodkingnoc
mavis_wanczyk2470,foodkingnoc
tginasilemak,foodkingnoc
winston_ng,foodkingnoc
bakedreamzsg,foodkingnoc
brunchunnie,foodkingnoc
econo_homefix.sg,foodkingnoc
yammycakesg,foodkingnoc
usarice.sg,foodkingnoc
meatwarehousesg,foodkingnoc
joey1523,foodkingnoc
glacial.services,foodkingnoc
bakenlove93,foodkingnoc
currycallmepapa,foodkingnoc
eugenelu_,foodkingnoc
food.forphotos,foodkingnoc
6liandurian,foodkingnoc
plateable_,foodkingnoc
honeynyou_sg,foodkingnoc
joyfulbites.my,foodkingnoc
jasonpenangcuisine,foodkingnoc
masons.gillman,foodkingnoc
cutevioletbakes,foodkingnoc
eatdrinkplayhappysg,foodkingnoc
danielsmellysa,foodkingnoc
karen_tohh,foodkingnoc
shiopanz,foodkingnoc
poklol.tv,foodkingnoc
assortedmuffins,foodkingnoc
anyhowlycooking,foodkingnoc
gimmethatcheeseburger,foodkingnoc
shineeztarleevingthelife,foodkingnoc
thefoodeve,foodkingnoc
backdoor_alley,foodkingnoc
skybistronsrcc,foodkingnoc
sharonmah6,foodkingnoc
bindingbits,foodkingnoc
yusquad4,foodkingnoc
come.jade,foodkingnoc
chloejuliarella,foodkingnoc
theemeraldbakery,foodkingnoc
foodnally,foodkingnoc
chongpanghuat_mm,foodkingnoc
mischief.sg,foodkingnoc
mc_bo_eng,foodkingnoc
flourndins,foodkingnoc
foodunknownph,foodkingnoc
bellyoffood,foodkingnoc
menusandvenues.sg,foodkingnoc
creaxbakery,foodkingnoc
wcl_mysg,foodkingnoc
wkndbaker,foodkingnoc
senghuattraditioncoffee,foodkingnoc
food_monsterz,foodkingnoc
ta24fdd,foodkingnoc
xiexieni.sg,foodkingnoc
uninanda,foodkingnoc
mistercycles,foodkingnoc
ioosteriasg,foodkingnoc
a.counting.cook,foodkingnoc
ghostdoggojeuneoghan,foodkingnoc
cyu_food,foodkingnoc
jumpyjinggoestoeat,foodkingnoc
jamie_old_item_collector,foodkingnoc
hockguanfood,foodkingnoc
jwalangrg,foodkingnoc
tartsoclock,foodkingnoc
leeanniela,foodkingnoc
travel.dine.world,foodkingnoc
jessicach03,foodkingnoc
orchardfoodmarket,foodkingnoc
ohsomebowls.sg,foodkingnoc
marsha.kimcil,foodkingnoc
hongyunkitchen,foodkingnoc
yun_deli,foodkingnoc
whimsical.woodlands,foodkingnoc
allagbaestelle,foodkingnoc
purechimp.asia,foodkingnoc
wfhkitchen.co,foodkingnoc
seatobag,foodkingnoc
team_catering,foodkingnoc
ms.xpress.sg,foodkingnoc
dunjudge.me,foodkingnoc
congee_house,foodkingnoc
old_lee_ytf,foodkingnoc
ellie.foodie.lover,foodkingnoc
pratalobang,foodkingnoc
1litre_sg,foodkingnoc
overlycheezysg,foodkingnoc
jytan1,foodkingnoc
anita_03_69,foodkingnoc
gastroneomy,foodkingnoc
kkandeat,foodkingnoc
_2ir.j,foodkingnoc
v.o.s.s.a,foodkingnoc
palace_korean_restaurant,ieatishootipost
saymio1989,ieatishootipost
sylvviaa18,ieatishootipost
foodqoosg,ieatishootipost
chrisliwei199,ieatishootipost
tts_eurocars,ieatishootipost
mohd_sohib__07,ieatishootipost
yonyon_83,ieatishootipost
billyrusso786,ieatishootipost
coffeetorque,ieatishootipost
ngyel,ieatishootipost
lim_kenji2007,ieatishootipost
ivan.kong2,ieatishootipost
instongram20,ieatishootipost
chillathome1,ieatishootipost
skygemini_with_2i,ieatishootipost
jiaowopapi,ieatishootipost
sourspicykimchi,ieatishootipost
tingting_3333,ieatishootipost
sgfoodcollective,ieatishootipost
soulsearing,ieatishootipost
duckempire.sg,ieatishootipost
percivalbuensalida,ieatishootipost
happyseafood.sg,ieatishootipost
no_content_nix,ieatishootipost
cyml1129,ieatishootipost
dea_bestbites,ieatishootipost
chengjimmy55,ieatishootipost
ooi_bo_jio,ieatishootipost
smolnibbles,ieatishootipost
euphoreiya_eats,ieatishootipost
ahzhor.mugwortkueh,ieatishootipost
kongbakbao.sg,ieatishootipost
dapurmyura,ieatishootipost
warungleri,ieatishootipost
sansan_cooks,ieatishootipost
crispyunion,ieatishootipost
shindymrryna,ieatishootipost
jamie_old_item_collector,ieatishootipost
linlin.veg,ieatishootipost
ll_ll_2021,ieatishootipost
vimandvigourpr,ieatishootipost
nenn.habibis,ieatishootipost
recipesfordaughter,ieatishootipost
gerald_in_colors,ieatishootipost
luckyfishes_,ieatishootipost
cecilia.phua,ieatishootipost
staykhooandeat,ieatishootipost
foodbymars_,ieatishootipost
fullstop.sin,ieatishootipost
hipporebirth,ieatishootipost
fashion_for_evers,ieatishootipost
madeinoz.shop,ieatishootipost
gito_este,ieatishootipost
yummyumm.sg,ieatishootipost
wongfulleats,ieatishootipost
socialmarketllp,ieatishootipost
glazovtakes,ieatishootipost
lindytan22,ieatishootipost
vegiiland,ieatishootipost
louiss.wang,ieatishootipost
kinsaryori,ieatishootipost
ryostylez,ieatishootipost
chinggetslow,ieatishootipost
fooding_good_life,ieatishootipost
yotsub4,ieatishootipost
sgfoodiefam,ieatishootipost
leechiak2,ieatishootipost
thre3lilpigs,ieatishootipost
thelastcustomers,ieatishootipost
onetastymoment,ieatishootipost
jamieaone,ieatishootipost
markgktan,ieatishootipost
hakkachang,ieatishootipost
pure___23,ieatishootipost
the.coney,ieatishootipost
lasagnation_sg,ieatishootipost
gogogluttons,ieatishootipost
justforfun_mm,ieatishootipost
lorbakmama,ieatishootipost
cheahpng,ieatishootipost
joints.sg,ieatishootipost
wonderlinedrahma,ieatishootipost
yolove666,ieatishootipost
hetypriscilla,ieatishootipost
facemaskexpress.sg,ieatishootipost
jessicach03,ieatishootipost
itz.all.about.foodddd,ieatishootipost
dicsonstable,ieatishootipost
1durianleh,ieatishootipost
bakenlove93,ieatishootipost
peterpanwesternfood,ieatishootipost
mammameveryday,ieatishootipost
jaxs_bistro,ieatishootipost
hongappetit,ieatishootipost
zein9629,ieatishootipost
dr.akilasrv,ieatishootipost
laomadumplings,ieatishootipost
soulsugarbakes,ieatishootipost
jojomakyl,ieatishootipost
fuluxe,ieatishootipost
jsapphirenini,ieatishootipost
themasonstable,ieatishootipost
yenlyyourssingapore,ieatishootipost
skinniefoodies,ieatishootipost
chatsworthcookies,ieatishootipost
ms_syltong,ieatishootipost
fnbsays.sg,ieatishootipost
mavis_wanczyk2470,ieatishootipost
brunchunnie,ieatishootipost
bakedreamzsg,ieatishootipost
zaddy_fan,ieatishootipost
econo_homefix.sg,ieatishootipost
arcticgrocersg,ieatishootipost
fooddiekuu,ieatishootipost
amealbymr.j,ieatishootipost
team_catering,ieatishootipost
nicolwyw,ieatishootipost
laurel_beautifulvenues_food,ieatishootipost
usarice.sg,ieatishootipost
miansgp,ieatishootipost
juihotan,ieatishootipost
singaporewithstrangers,ieatishootipost
smilecoffee25,ieatishootipost
testubebabe,ieatishootipost
tginasilemak,ieatishootipost
diningcitysingapore,ieatishootipost
meatwarehousesg,ieatishootipost
gastrogig,ieatishootipost
fatfoodieme,ieatishootipost
joey1523,ieatishootipost
glacial.services,ieatishootipost
missggrillandbar,ieatishootipost
pickingonveg,ieatishootipost
kuehlapisbymom,ieatishootipost
currycallmepapa,ieatishootipost
ki_kh_lin,ieatishootipost
eugenelu_,ieatishootipost
wunderfolks,ieatishootipost
johnnywong5566,ieatishootipost
honeynyou_sg,ieatishootipost
muk_mat_coffee,ieatishootipost
food.forphotos,ieatishootipost
camyspassion,ieatishootipost
meloaad26,ieatishootipost
easteeeats.claricetee,ieatishootipost
pohhuaindustrial,ieatishootipost
ay.den5510,ieatishootipost
6liandurian,ieatishootipost
xtrasgg,ieatishootipost
geplek.chillis,ieatishootipost
iiioo____88,ieatishootipost
house_of_chirashi_sg,ieatishootipost
fammealsg,ieatishootipost
cutevioletbakes,ieatishootipost
chris.tiankoh,ieatishootipost
not_only_food87,ieatishootipost
masons.gillman,ieatishootipost
byawhiskersg,ieatishootipost
jasonpenangcuisine,ieatishootipost
eatdrinkplayhappysg,ieatishootipost
dizzydumplings,ieatishootipost
foodshopnetwork,ieatishootipost
lao_muji,ieatishootipost
yammycakesg,ieatishootipost
danielsmellysa,ieatishootipost
mdmlewbuttercake,ieatishootipost
afterworkbakers,ieatishootipost
numello.sg,ieatishootipost
cherishmeahh,ieatishootipost
bite.sizesg,ieatishootipost
cakesandyarns,ieatishootipost
shiopanz,ieatishootipost
cookiefix.sg,ieatishootipost
dfordough,ieatishootipost
belsfoodblog,ieatishootipost
karen_tohh,ieatishootipost
assortedmuffins,ieatishootipost
gimmethatcheeseburger,ieatishootipost
ihustleatravelust,ieatishootipost
shannomnomnoms,ieatishootipost
carinayong88,ieatishootipost
xiexieni.sg,ieatishootipost
jjjjanetttt,ieatishootipost
sashaspantry,ieatishootipost
foodie.liang,ieatishootipost
thenessykitchen,ieatishootipost
s3ah2019,ieatishootipost
indorasa.sg,ieatishootipost
backdoor_alley,ieatishootipost
skybistronsrcc,ieatishootipost
marktampakho,ieatishootipost
aranchaglez3,ieatishootipost
soupnco_sg,ieatishootipost
sharonmah6,ieatishootipost
come.jade,ieatishootipost
tbdecided,ieatishootipost
jeffo_wings,ieatishootipost
chongpanghuat_mm,ieatishootipost
grandmacancook,ieatishootipost
mc_bo_eng,ieatishootipost
flourndins,ieatishootipost
yoake_culinary_fun,ieatishootipost
blessedlittlehedgehog,ieatishootipost
foodunknownph,ieatishootipost
thechinesepotion,ieatishootipost
bellyoffood,ieatishootipost
taitaismarket,ieatishootipost
my9essentials,ieatishootipost
senghuattraditioncoffee,ieatishootipost
barbiekerr.wang1130,ieatishootipost
mamink_daeng_tata,ieatishootipost
good_heart_good_eats_,ieatishootipost
sgfooddiva,ieatishootipost
jikpix,ieatishootipost
wkndbaker,ieatishootipost
akitchenfoods,ieatishootipost
foodfoodiefoodfood,ieatishootipost
__themonocook__,ieatishootipost
food_monsterz,ieatishootipost
wcl_mysg,ieatishootipost
msphebs_parach,ieatishootipost
ta24fdd,ieatishootipost
harmonynasilemak,ieatishootipost
mrandmrsmakan,ieatishootipost
mistercycles,ieatishootipost
fitnessdumbbells,ieatishootipost
yusquad4,ieatishootipost
dunjudge.me,ieatishootipost
gokbbq_singapore,ieatishootipost
dr.ap04,ieatishootipost
nathsdetermination,ieatishootipost
fooderella95,ieatishootipost
a.counting.cook,ieatishootipost
travel.dine.world,ieatishootipost
myjollycorner,ieatishootipost
sweetnessthatlingers,ieatishootipost
hockguanfood,ieatishootipost
bybakesmithj,ieatishootipost
interestingdiscoveries,ieatishootipost
tartsoclock,ieatishootipost
majesticbayrestaurantsg,ieatishootipost
instaflo77,ieatishootipost
eightgems,ieatishootipost
jwalangrg,ieatishootipost
ash.leigh.yan,ieatishootipost
leeanniela,ieatishootipost
emosnackssg,ieatishootipost
ohsomebowls.sg,ieatishootipost
whitecolorplates,ieatishootipost
mischief.sg,ieatishootipost
sgkofuku,ieatishootipost
empresswan_kitchen,ieatishootipost
foodnally,ieatishootipost
marsha.kimcil,ieatishootipost
snackit.sg,ieatishootipost
shineeztarleevingthelife,ieatishootipost
hongyunkitchen,ieatishootipost
deenkooks,ieatishootipost
agucooks,ieatishootipost
brandingsolutions.ad,ieatishootipost
nalaroosg,ieatishootipost
yun_deli,ieatishootipost
whimsical.woodlands,ieatishootipost
tea_andtalk,ieatishootipost
belly.baobao,ieatishootipost
allagbaestelle,ieatishootipost
racketbishop,ieatishootipost
nuttojar,ieatishootipost
purechimp.asia,ieatishootipost
ghostdoggojeuneoghan,ieatishootipost
wfhkitchen.co,ieatishootipost
sylovesfood,ieatishootipost
watchwhenhungry,ieatishootipost
congee_house,ieatishootipost
ioosteriasg,ieatishootipost
thefoodeve,ieatishootipost
seatobag,ieatishootipost
yumsinmytummy,ieatishootipost
chloejuliarella,ieatishootipost
1litre_sg,ieatishootipost
quikerly.sg,ieatishootipost
jember310,ieatishootipost
shaoparadise,ieatishootipost
_2ir.j,ieatishootipost
simplehealthyfoodeats,ieatishootipost
overlycheezysg,ieatishootipost
fiery.141,ieatishootipost
cyu_food,ieatishootipost
papistacossg,ieatishootipost
jytan1,ieatishootipost
foo.dlo2020,ieatishootipost
gastroneomy,ieatishootipost
jogindervashish,ieatishootipost
anyhowlycooking,ieatishootipost
anita_03_69,ieatishootipost
creaxbakery,ieatishootipost
melmeowling,ieatishootipost
muahcheeboy,ieatishootipost
nalasingapore,ieatishootipost
thewoodenfork,ieatishootipost
ellie.foodie.lover,ieatishootipost
cooking_mehhh,ieatishootipost
chelchefp,ieatishootipost
v.o.s.s.a,ieatishootipost
plateable_,ieatishootipost
yt_cookndine,ieatishootipost
linorestaurant,ieatishootipost
csfoodsg,ieatishootipost
jeffrytuisieng,ieatishootipost
leonardlew1990,ieatishootipost
tidbits.app,ieatishootipost
qrmart.sg,ieatishootipost
siamsaap,ieatishootipost
menusandvenues.sg,ieatishootipost
cheesystoryy,ieatishootipost
jhove_cooks,ieatishootipost
goingom,ieatishootipost
jkktamjiak,ieatishootipost
old_lee_ytf,ieatishootipost
japan.anime55,ieatishootipost
sg_foodhopper,ieatishootipost
bodegas_solis,ieatishootipost
foodalbum1,ieatishootipost
store.eosg,ieatishootipost
inhealaroma,ieatishootipost
thebaldmancooks,ieatishootipost
sluckeatinghouse,ieatishootipost
bali_royal_cuisine,ieatishootipost
yl_cookingdairy,ieatishootipost
thegourmetemporiumsg,ieatishootipost
uncledidi48,ieatishootipost
dirtybunsg,ieatishootipost
alchemy_foods,ieatishootipost
sugartreegelato,ieatishootipost
elimchew77thstreet,ieatishootipost
sridevi18,ieatishootipost
yoke.yoo,ieatishootipost
pratalobang,ieatishootipost
ms.xpress.sg,ieatishootipost
sun_todolist,ieatishootipost
amyphang1,ieatishootipost
kaisushisb,ieatishootipost
happyjoylaughter,ieatishootipost
sgdabao,ieatishootipost
yatkayan,ieatishootipost
belliesfooddiary,ieatishootipost
mizzycorner,ieatishootipost
morselsdabao,ieatishootipost
theemeraldbakery,ieatishootipost
littlestuff_sg,ieatishootipost
shangfinecollection,ieatishootipost
trusted_0,ieatishootipost
uninanda,ieatishootipost
brandfitsg,ieatishootipost
siamsushitallahassee,ieatishootipost
omkelthoum_k,ieatishootipost
lidjli,ieatishootipost
1corinthian13.4,ieatishootipost
wendintoglam,ieatishootipost
a1curry_co,ieatishootipost
eva_expresso,ieatishootipost
kwonnutrition,ieatishootipost
lepetitcroissantasia,ieatishootipost
jumpyjinggoestoeat,ieatishootipost
hq_3_kibummie,ieatishootipost
littlefeetbigfootprints,ieatishootipost
palace_korean_restaurant,misstamchiak
sylvviaa18,misstamchiak
chrisliwei199,misstamchiak
tts_eurocars,misstamchiak
mohd_sohib__07,misstamchiak
art.farid.m.s,misstamchiak
yonyon_83,misstamchiak
ll_ll_2021,misstamchiak
ngyel,misstamchiak
billyrusso786,misstamchiak
coffeetorque,misstamchiak
ivan.kong2,misstamchiak
foodqoosg,misstamchiak
instongram20,misstamchiak
chillathome1,misstamchiak
skygemini_with_2i,misstamchiak
jiaowopapi,misstamchiak
michikoraerae,misstamchiak
saymio1989,misstamchiak
sourspicykimchi,misstamchiak
sgfoodcollective,misstamchiak
oimakanalr,misstamchiak
angeleubakery,misstamchiak
soulsearing,misstamchiak
duckempire.sg,misstamchiak
madeinoz.shop,misstamchiak
pawonrap,misstamchiak
happyseafood.sg,misstamchiak
no_content_nix,misstamchiak
iamkeffie,misstamchiak
cyml1129,misstamchiak
lim_kenji2007,misstamchiak
dea_bestbites,misstamchiak
chengjimmy55,misstamchiak
smolnibbles,misstamchiak
thenessykitchen,misstamchiak
ahzhor.mugwortkueh,misstamchiak
kongbakbao.sg,misstamchiak
dapurmyura,misstamchiak
skinniefoodies,misstamchiak
warungleri,misstamchiak
crispyunion,misstamchiak
shindymrryna,misstamchiak
tingting_3333,misstamchiak
jamie_old_item_collector,misstamchiak
dadmade_,misstamchiak
viewerstravel,misstamchiak
linlin.veg,misstamchiak
foodiesnoopie,misstamchiak
vimandvigourpr,misstamchiak
earthspired,misstamchiak
nenn.habibis,misstamchiak
recipesfordaughter,misstamchiak
luckyfishes_,misstamchiak
cecilia.phua,misstamchiak
percivalbuensalida,misstamchiak
staykhooandeat,misstamchiak
lidjli,misstamchiak
foodbymars_,misstamchiak
fullstop.sin,misstamchiak
hipporebirth,misstamchiak
jeh1_thaithaikitchen,misstamchiak
fashion_for_evers,misstamchiak
cheahpng,misstamchiak
yummyumm.sg,misstamchiak
wongfulleats,misstamchiak
socialmarketllp,misstamchiak
sygwife,misstamchiak
lindytan22,misstamchiak
ooi_bo_jio,misstamchiak
vegiiland,misstamchiak
louiss.wang,misstamchiak
kinsaryori,misstamchiak
ryostylez,misstamchiak
justforfun_mm,misstamchiak
chinggetslow,misstamchiak
yotsub4,misstamchiak
hq_3_kibummie,misstamchiak
sgfoodiefam,misstamchiak
thre3lilpigs,misstamchiak
leechiak2,misstamchiak
thelastcustomers,misstamchiak
afterworkbakers,misstamchiak
onetastymoment,misstamchiak
jamieaone,misstamchiak
markgktan,misstamchiak
hakkachang,misstamchiak
lorbakmama,misstamchiak
pure___23,misstamchiak
omahkayu.sg,misstamchiak
lasagnation_sg,misstamchiak
fooding_good_life,misstamchiak
gogogluttons,misstamchiak
joints.sg,misstamchiak
arcticgrocersg,misstamchiak
wonderlinedrahma,misstamchiak
yolove666,misstamchiak
gito_este,misstamchiak
hetypriscilla,misstamchiak
itz.all.about.foodddd,misstamchiak
facemaskexpress.sg,misstamchiak
dicsonstable,misstamchiak
1durianleh,misstamchiak
peterpanwesternfood,misstamchiak
mammameveryday,misstamchiak
jaxs_bistro,misstamchiak
hongappetit,misstamchiak
dr.akilasrv,misstamchiak
bluewavedurian,misstamchiak
laomadumplings,misstamchiak
soulsugarbakes,misstamchiak
jojomakyl,misstamchiak
fuluxe,misstamchiak
family___chef,misstamchiak
whiskdom,misstamchiak
bluewave_durian,misstamchiak
yenlyyourssingapore,misstamchiak
chatsworthcookies,misstamchiak
lovechowsg,misstamchiak
ms_syltong,misstamchiak
fnbsays.sg,misstamchiak
mavis_wanczyk2470,misstamchiak
themasonstable,misstamchiak
winston_ng,misstamchiak
empresswan_kitchen,misstamchiak
brunchunnie,misstamchiak
bakedreamzsg,misstamchiak
zaddy_fan,misstamchiak
econo_homefix.sg,misstamchiak
old_lee_ytf,misstamchiak
annie_cooks1990,misstamchiak
fooddiekuu,misstamchiak
marcorawframes,misstamchiak
amealbymr.j,misstamchiak
nicolwyw,misstamchiak
ihustleatravelust,misstamchiak
laurel_beautifulvenues_food,misstamchiak
ommznom,misstamchiak
usarice.sg,misstamchiak
miansgp,misstamchiak
juihotan,misstamchiak
singaporewithstrangers,misstamchiak
testubebabe,misstamchiak
tginasilemak,misstamchiak
diningcitysingapore,misstamchiak
meatwarehousesg,misstamchiak
gastrogig,misstamchiak
fatfoodieme,misstamchiak
joey1523,misstamchiak
mooody_foooody,misstamchiak
majesticbayrestaurantsg,misstamchiak
akitchenfoods,misstamchiak
kuehlapisbymom,misstamchiak
tarablissspa,misstamchiak
bak_changqueen,misstamchiak
currycallmepapa,misstamchiak
ki_kh_lin,misstamchiak
eugenelu_,misstamchiak
johnnywong5566,misstamchiak
wunderfolks,misstamchiak
sansan_cooks,misstamchiak
honeynyou_sg,misstamchiak
muk_mat_coffee,misstamchiak
meloaad26,misstamchiak
pickingonveg,misstamchiak
easteeeats.claricetee,misstamchiak
ay.den5510,misstamchiak
pohhuaindustrial,misstamchiak
camyspassion,misstamchiak
6liandurian,misstamchiak
geplek.chillis,misstamchiak
iiioo____88,misstamchiak
bakenlove93,misstamchiak
fammealsg,misstamchiak
eatdiarybyrach,misstamchiak
joyfulbites.my,misstamchiak
chris.tiankoh,misstamchiak
not_only_food87,misstamchiak
masons.gillman,misstamchiak
zein9629,misstamchiak
jasonpenangcuisine,misstamchiak
house_of_chirashi_sg,misstamchiak
cutevioletbakes,misstamchiak
eatdrinkplayhappysg,misstamchiak
dizzydumplings,misstamchiak
foodshopnetwork,misstamchiak
yammycakesg,misstamchiak
mdmlewbuttercake,misstamchiak
lao_muji,misstamchiak
webandtoast,misstamchiak
numello.sg,misstamchiak
karen_tohh,misstamchiak
bite.sizesg,misstamchiak
periqillo,misstamchiak
jsapphirenini,misstamchiak
cakesandyarns,misstamchiak
ceciliasmeryenda,misstamchiak
dfordough,misstamchiak
belsfoodblog,misstamchiak
billy_shabani,misstamchiak
assortedmuffins,misstamchiak
shannomnomnoms,misstamchiak
gimmethatcheeseburger,misstamchiak
sashaspantry,misstamchiak
carinayong88,misstamchiak
xiexieni.sg,misstamchiak
sweetnessthatlingers,misstamchiak
cherishmeahh,misstamchiak
travel.dine.world,misstamchiak
jjjjanetttt,misstamchiak
azhibekovaartykbu,misstamchiak
malzvlogs,misstamchiak
cookiefix.sg,misstamchiak
byawhiskersg,misstamchiak
foodie.liang,misstamchiak
shineeztarleevingthelife,misstamchiak
indorasa.sg,misstamchiak
s3ah2019,misstamchiak
skybistronsrcc,misstamchiak
smilecoffee25,misstamchiak
marktampakho,misstamchiak
aranchaglez3,misstamchiak
happyjoylaughter,misstamchiak
sharonmah6,misstamchiak
come.jade,misstamchiak
allblackoutsg,misstamchiak
jeffo_wings,misstamchiak
blessedlittlehedgehog,misstamchiak
chongpanghuat_mm,misstamchiak
grandmacancook,misstamchiak
tbdecided,misstamchiak
mc_bo_eng,misstamchiak
flourndins,misstamchiak
yoake_culinary_fun,misstamchiak
foodunknownph,misstamchiak
siamsushitallahassee,misstamchiak
bellyoffood,misstamchiak
taitaismarket,misstamchiak
food.forphotos,misstamchiak
my9essentials,misstamchiak
senghuattraditioncoffee,misstamchiak
barbiekerr.wang1130,misstamchiak
good_heart_good_eats_,misstamchiak
wcl_mysg,misstamchiak
jikpix,misstamchiak
wkndbaker,misstamchiak
foodfoodiefoodfood,misstamchiak
__themonocook__,misstamchiak
shiopanz,misstamchiak
creaxbakery,misstamchiak
food_monsterz,misstamchiak
dwealthfx,misstamchiak
brandfitsg,misstamchiak
backdoor_alley,misstamchiak
ta24fdd,misstamchiak
harmonynasilemak,misstamchiak
mrandmrsmakan,misstamchiak
mistercycles,misstamchiak
fitnessdumbbells,misstamchiak
yusquad4,misstamchiak
fryzyysg,misstamchiak
dr.ap04,misstamchiak
nathsdetermination,misstamchiak
soupnco_sg,misstamchiak
fooderella95,misstamchiak
a.counting.cook,misstamchiak
thechinesepotion,misstamchiak
whitecolorplates,misstamchiak
myjollycorner,misstamchiak
hockguanfood,misstamchiak
bybakesmithj,misstamchiak
interestingdiscoveries,misstamchiak
instaflo77,misstamchiak
mamink_daeng_tata,misstamchiak
yamadad.hk,misstamchiak
sgfooddiva,misstamchiak
eightgems,misstamchiak
bindingbits,misstamchiak
leeanniela,misstamchiak
jessicach03,misstamchiak
emosnackssg,misstamchiak
orchardfoodmarket,misstamchiak
sgkofuku,misstamchiak
foodnally,misstamchiak
ohsomebowls.sg,misstamchiak
marsha.kimcil,misstamchiak
snackit.sg,misstamchiak
hongyunkitchen,misstamchiak
deenkooks,misstamchiak
agucooks,misstamchiak
brandingsolutions.ad,misstamchiak
watchwhenhungry,misstamchiak
yun_deli,misstamchiak
whimsical.woodlands,misstamchiak
belly.baobao,misstamchiak
msphebs_parach,misstamchiak
tea_andtalk,misstamchiak
dunjudge.me,misstamchiak
allagbaestelle,misstamchiak
racketbishop,misstamchiak
tartsoclock,misstamchiak
nuttojar,misstamchiak
purechimp.asia,misstamchiak
poklol.tv,misstamchiak
ghostdoggojeuneoghan,misstamchiak
wfhkitchen.co,misstamchiak
team_catering,misstamchiak
sylovesfood,misstamchiak
ioosteriasg,misstamchiak
thefoodeve,misstamchiak
seatobag,misstamchiak
chloejuliarella,misstamchiak
nandezfood,misstamchiak
1litre_sg,misstamchiak
madmexsingapore,misstamchiak
quikerly.sg,misstamchiak
congee_house,misstamchiak
jember310,misstamchiak
shaoparadise,misstamchiak
simplehealthyfoodeats,misstamchiak
overlycheezysg,misstamchiak
fiery.141,misstamchiak
cyu_food,misstamchiak
jytan1,misstamchiak
foo.dlo2020,misstamchiak
gastroneomy,misstamchiak
jogindervashish,misstamchiak
anyhowlycooking,misstamchiak
anita_03_69,misstamchiak
kkandeat,misstamchiak
_2ir.j,misstamchiak
muahcheeboy,misstamchiak
nalasingapore,misstamchiak
thewoodenfork,misstamchiak
ellie.foodie.lover,misstamchiak
cooking_mehhh,misstamchiak
chelchefp,misstamchiak
yt_cookndine,misstamchiak
v.o.s.s.a,misstamchiak
ash.leigh.yan,misstamchiak
plateable_,misstamchiak
linorestaurant,misstamchiak
csfoodsg,misstamchiak
govinhairsg,misstamchiak
jeffrytuisieng,misstamchiak
leonardlew1990,misstamchiak
tidbits.app,misstamchiak
jhove_cooks,misstamchiak
qrmart.sg,misstamchiak
siamsaap,misstamchiak
cheesystoryy,misstamchiak
menusandvenues.sg,misstamchiak
goingom,misstamchiak
jkktamjiak,misstamchiak
japan.anime55,misstamchiak
sg_foodhopper,misstamchiak
bodegas_solis,misstamchiak
nalaroosg,misstamchiak
foodalbum1,misstamchiak
store.eosg,misstamchiak
inhealaroma,misstamchiak
thebaldmancooks,misstamchiak
sluckeatinghouse,misstamchiak
bali_royal_cuisine,misstamchiak
yl_cookingdairy,misstamchiak
thegourmetemporiumsg,misstamchiak
uncledidi48,misstamchiak
glazovtakes,misstamchiak
dirtybunsg,misstamchiak
alchemy_foods,misstamchiak
sugartreegelato,misstamchiak
sridevi18,misstamchiak
yoke.yoo,misstamchiak
gokbbq_singapore,misstamchiak
ms.xpress.sg,misstamchiak
sun_todolist,misstamchiak
amyphang1,misstamchiak
kaisushisb,misstamchiak
xtrasgg,misstamchiak
sgdabao,misstamchiak
belliesfooddiary,misstamchiak
mizzycorner,misstamchiak
morselsdabao,misstamchiak
theemeraldbakery,misstamchiak
littlestuff_sg,misstamchiak
papistacossg,misstamchiak
shangfinecollection,misstamchiak
trusted_0,misstamchiak
yatkayan,misstamchiak
uninanda,misstamchiak
omkelthoum_k,misstamchiak
1corinthian13.4,misstamchiak
pratalobang,misstamchiak
a1curry_co,misstamchiak
eva_expresso,misstamchiak
kwonnutrition,misstamchiak
lepetitcroissantasia,misstamchiak
wendintoglam,misstamchiak
jumpyjinggoestoeat,misstamchiak
danielsmellysa,misstamchiak
littlefeetbigfootprints,misstamchiak
palace_korean_restaurant,sethluicious
saymio1989,sethluicious
sylvviaa18,sethluicious
yummyumm.sg,sethluicious
chrisliwei199,sethluicious
tts_eurocars,sethluicious
mohd_sohib__07,sethluicious
dadmade_,sethluicious
yonyon_83,sethluicious
ll_ll_2021,sethluicious
billyrusso786,sethluicious
coffeetorque,sethluicious
ngyel,sethluicious
lim_kenji2007,sethluicious
happyseafood.sg,sethluicious
ivan.kong2,sethluicious
foodqoosg,sethluicious
instongram20,sethluicious
skygemini_with_2i,sethluicious
jiaowopapi,sethluicious
michikoraerae,sethluicious
sourspicykimchi,sethluicious
sgfoodcollective,sethluicious
oimakanalr,sethluicious
angeleubakery,sethluicious
soulsearing,sethluicious
duckempire.sg,sethluicious
madeinoz.shop,sethluicious
percivalbuensalida,sethluicious
pawonrap,sethluicious
no_content_nix,sethluicious
cyml1129,sethluicious
chengjimmy55,sethluicious
smolnibbles,sethluicious
thenessykitchen,sethluicious
euphoreiya_eats,sethluicious
ahzhor.mugwortkueh,sethluicious
dea_bestbites,sethluicious
kongbakbao.sg,sethluicious
dapurmyura,sethluicious
sansan_cooks,sethluicious
crispyunion,sethluicious
shindymrryna,sethluicious
tingting_3333,sethluicious
jamie_old_item_collector,sethluicious
viewerstravel,sethluicious
linlin.veg,sethluicious
foodiesnoopie,sethluicious
earthspired,sethluicious
nenn.habibis,sethluicious
recipesfordaughter,sethluicious
gerald_in_colors,sethluicious
luckyfishes_,sethluicious
staykhooandeat,sethluicious
lidjli,sethluicious
eightgems,sethluicious
foodbymars_,sethluicious
hipporebirth,sethluicious
fashion_for_evers,sethluicious
gito_este,sethluicious
bak_changqueen,sethluicious
wongfulleats,sethluicious
sridevi18,sethluicious
jeh1_thaithaikitchen,sethluicious
socialmarketllp,sethluicious
lindytan22,sethluicious
ooi_bo_jio,sethluicious
vegiiland,sethluicious
louiss.wang,sethluicious
ryostylez,sethluicious
chinggetslow,sethluicious
elimchew77thstreet,sethluicious
yotsub4,sethluicious
tarablissspa,sethluicious
sgfoodiefam,sethluicious
leechiak2,sethluicious
thre3lilpigs,sethluicious
amyphang1,sethluicious
thelastcustomers,sethluicious
afterworkbakers,sethluicious
bhukkad_blog,sethluicious
onetastymoment,sethluicious
markgktan,sethluicious
travel.dine.world,sethluicious
hakkachang,sethluicious
lorbakmama,sethluicious
pure___23,sethluicious
the.coney,sethluicious
lasagnation_sg,sethluicious
fooding_good_life,sethluicious
omahkayu.sg,sethluicious
gogogluttons,sethluicious
justforfun_mm,sethluicious
cheahpng,sethluicious
joints.sg,sethluicious
arcticgrocersg,sethluicious
wonderlinedrahma,sethluicious
annie_cooks1990,sethluicious
good_heart_good_eats_,sethluicious
yolove666,sethluicious
lovechowsg,sethluicious
alicechienll,sethluicious
hetypriscilla,sethluicious
itz.all.about.foodddd,sethluicious
jessicach03,sethluicious
juihotan,sethluicious
dicsonstable,sethluicious
1durianleh,sethluicious
peterpanwesternfood,sethluicious
mammameveryday,sethluicious
bakenlove93,sethluicious
marcorawframes,sethluicious
jaxs_bistro,sethluicious
hongappetit,sethluicious
dr.akilasrv,sethluicious
bluewavedurian,sethluicious
laomadumplings,sethluicious
soulsugarbakes,sethluicious
jojomakyl,sethluicious
fuluxe,sethluicious
family___chef,sethluicious
whiskdom,sethluicious
bluewave_durian,sethluicious
yenlyyourssingapore,sethluicious
chatsworthcookies,sethluicious
skinniefoodies,sethluicious
ms_syltong,sethluicious
fnbsays.sg,sethluicious
mavis_wanczyk2470,sethluicious
themasonstable,sethluicious
winston_ng,sethluicious
bakedreamzsg,sethluicious
empresswan_kitchen,sethluicious
brunchunnie,sethluicious
zaddy_fan,sethluicious
econo_homefix.sg,sethluicious
fooddiekuu,sethluicious
amealbymr.j,sethluicious
nicolwyw,sethluicious
nathsdetermination,sethluicious
laurel_beautifulvenues_food,sethluicious
usarice.sg,sethluicious
miansgp,sethluicious
singaporewithstrangers,sethluicious
old_lee_ytf,sethluicious
testubebabe,sethluicious
tginasilemak,sethluicious
meatwarehousesg,sethluicious
gastrogig,sethluicious
fatfoodieme,sethluicious
majesticbayrestaurantsg,sethluicious
joey1523,sethluicious
glacial.services,sethluicious
missggrillandbar,sethluicious
pickingonveg,sethluicious
kuehlapisbymom,sethluicious
honeynyou_sg,sethluicious
currycallmepapa,sethluicious
ki_kh_lin,sethluicious
eugenelu_,sethluicious
wunderfolks,sethluicious
johnnywong5566,sethluicious
mrandmrsmakan,sethluicious
camyspassion,sethluicious
meloaad26,sethluicious
ay.den5510,sethluicious
pohhuaindustrial,sethluicious
6liandurian,sethluicious
geplek.chillis,sethluicious
iiioo____88,sethluicious
fammealsg,sethluicious
eatdiarybyrach,sethluicious
joyfulbites.my,sethluicious
chris.tiankoh,sethluicious
not_only_food87,sethluicious
allblackoutsg,sethluicious
masons.gillman,sethluicious
zein9629,sethluicious
jasonpenangcuisine,sethluicious
house_of_chirashi_sg,sethluicious
cutevioletbakes,sethluicious
eatdrinkplayhappysg,sethluicious
dizzydumplings,sethluicious
foodshopnetwork,sethluicious
lao_muji,sethluicious
yammycakesg,sethluicious
danielsmellysa,sethluicious
mdmlewbuttercake,sethluicious
webandtoast,sethluicious
easteeeats.claricetee,sethluicious
numello.sg,sethluicious
karen_tohh,sethluicious
cherishmeahh,sethluicious
bite.sizesg,sethluicious
cakesandyarns,sethluicious
dfordough,sethluicious
belsfoodblog,sethluicious
poklol.tv,sethluicious
assortedmuffins,sethluicious
carinayong88,sethluicious
anyhowlycooking,sethluicious
gimmethatcheeseburger,sethluicious
ihustleatravelust,sethluicious
shannomnomnoms,sethluicious
xiexieni.sg,sethluicious
sweetnessthatlingers,sethluicious
jjjjanetttt,sethluicious
cookiefix.sg,sethluicious
byawhiskersg,sethluicious
foodie.liang,sethluicious
shineeztarleevingthelife,sethluicious
s3ah2019,sethluicious
sashaspantry,sethluicious
indorasa.sg,sethluicious
backdoor_alley,sethluicious
skybistronsrcc,sethluicious
marktampakho,sethluicious
happyjoylaughter,sethluicious
soupnco_sg,sethluicious
come.jade,sethluicious
tbdecided,sethluicious
jeffo_wings,sethluicious
blessedlittlehedgehog,sethluicious
chongpanghuat_mm,sethluicious
grandmacancook,sethluicious
mc_bo_eng,sethluicious
flourndins,sethluicious
myjollycorner,sethluicious
yoake_culinary_fun,sethluicious
food.forphotos,sethluicious
foodunknownph,sethluicious
bellyoffood,sethluicious
taitaismarket,sethluicious
my9essentials,sethluicious
barbiekerr.wang1130,sethluicious
wcl_mysg,sethluicious
sgfooddiva,sethluicious
wkndbaker,sethluicious
foodfoodiefoodfood,sethluicious
senghuattraditioncoffee,sethluicious
__themonocook__,sethluicious
shiopanz,sethluicious
msphebs_parach,sethluicious
food_monsterz,sethluicious
smilecoffee25,sethluicious
dwealthfx,sethluicious
ta24fdd,sethluicious
harmonynasilemak,sethluicious
mistercycles,sethluicious
fitnessdumbbells,sethluicious
yusquad4,sethluicious
fryzyysg,sethluicious
gokbbq_singapore,sethluicious
dr.ap04,sethluicious
fooderella95,sethluicious
a.counting.cook,sethluicious
thechinesepotion,sethluicious
whitecolorplates,sethluicious
cyu_food,sethluicious
hockguanfood,sethluicious
bybakesmithj,sethluicious
interestingdiscoveries,sethluicious
papistacossg,sethluicious
tartsoclock,sethluicious
instaflo77,sethluicious
yt_cookndine,sethluicious
jwalangrg,sethluicious
bindingbits,sethluicious
inhealaroma,sethluicious
leeanniela,sethluicious
emosnackssg,sethluicious
whimsical.woodlands,sethluicious
brandingsolutions.ad,sethluicious
orchardfoodmarket,sethluicious
mischief.sg,sethluicious
sgkofuku,sethluicious
foodnally,sethluicious
ohsomebowls.sg,sethluicious
marsha.kimcil,sethluicious
snackit.sg,sethluicious
hongyunkitchen,sethluicious
agucooks,sethluicious
nalaroosg,sethluicious
watchwhenhungry,sethluicious
yun_deli,sethluicious
akitchenfoods,sethluicious
belly.baobao,sethluicious
allagbaestelle,sethluicious
racketbishop,sethluicious
nuttojar,sethluicious
purechimp.asia,sethluicious
wfhkitchen.co,sethluicious
team_catering,sethluicious
sylovesfood,sethluicious
ioosteriasg,sethluicious
thefoodeve,sethluicious
seatobag,sethluicious
yumsinmytummy,sethluicious
chloejuliarella,sethluicious
1litre_sg,sethluicious
madmexsingapore,sethluicious
congee_house,sethluicious
jember310,sethluicious
shaoparadise,sethluicious
simplehealthyfoodeats,sethluicious
overlycheezysg,sethluicious
fiery.141,sethluicious
jytan1,sethluicious
foo.dlo2020,sethluicious
jogindervashish,sethluicious
anita_03_69,sethluicious
creaxbakery,sethluicious
gastroneomy,sethluicious
_2ir.j,sethluicious
melmeowling,sethluicious
muahcheeboy,sethluicious
nalasingapore,sethluicious
ellie.foodie.lover,sethluicious
cooking_mehhh,sethluicious
v.o.s.s.a,sethluicious
ash.leigh.yan,sethluicious
plateable_,sethluicious
linorestaurant,sethluicious
csfoodsg,sethluicious
jeffrytuisieng,sethluicious
leonardlew1990,sethluicious
govinhairsg,sethluicious
tidbits.app,sethluicious
jhove_cooks,sethluicious
qrmart.sg,sethluicious
siamsaap,sethluicious
cheesystoryy,sethluicious
menusandvenues.sg,sethluicious
goingom,sethluicious
jkktamjiak,sethluicious
japan.anime55,sethluicious
sg_foodhopper,sethluicious
bodegas_solis,sethluicious
foodalbum1,sethluicious
store.eosg,sethluicious
thebaldmancooks,sethluicious
sluckeatinghouse,sethluicious
bali_royal_cuisine,sethluicious
yl_cookingdairy,sethluicious
thegourmetemporiumsg,sethluicious
uncledidi48,sethluicious
glazovtakes,sethluicious
dirtybunsg,sethluicious
alchemy_foods,sethluicious
sugartreegelato,sethluicious
yoke.yoo,sethluicious
ms.xpress.sg,sethluicious
sun_todolist,sethluicious
kaisushisb,sethluicious
sgdabao,sethluicious
belliesfooddiary,sethluicious
mizzycorner,sethluicious
morselsdabao,sethluicious
theemeraldbakery,sethluicious
littlestuff_sg,sethluicious
uninanda,sethluicious
shangfinecollection,sethluicious
trusted_0,sethluicious
yatkayan,sethluicious
brandfitsg,sethluicious
omkelthoum_k,sethluicious
hq_3_kibummie,sethluicious
wendintoglam,sethluicious
pratalobang,sethluicious
1corinthian13.4,sethluicious
a1curry_co,sethluicious
eva_expresso,sethluicious
kwonnutrition,sethluicious
lepetitcroissantasia,sethluicious
dunjudge.me,sethluicious
jumpyjinggoestoeat,sethluicious
littlefeetbigfootprints,sethluicious
iamkeffie,sethluicious
ll_ll_2021,sgfoodonfoot
iamkeffie,sgfoodonfoot
sylvviaa18,sgfoodonfoot
palace_korean_restaurant,sgfoodonfoot
chrisliwei199,sgfoodonfoot
tts_eurocars,sgfoodonfoot
foodqoosg,sgfoodonfoot
art.farid.m.s,sgfoodonfoot
ngyel,sgfoodonfoot
billyrusso786,sgfoodonfoot
pickingonveg,sgfoodonfoot
skygemini_with_2i,sgfoodonfoot
soulsearing,sgfoodonfoot
happyseafood.sg,sgfoodonfoot
ivan.kong2,sgfoodonfoot
chillathome1,sgfoodonfoot
jiaowopapi,sgfoodonfoot
michikoraerae,sgfoodonfoot
saymio1989,sgfoodonfoot
sourspicykimchi,sgfoodonfoot
dadmade_,sgfoodonfoot
hq_3_kibummie,sgfoodonfoot
tingting_3333,sgfoodonfoot
sgfoodcollective,sgfoodonfoot
angeleubakery,sgfoodonfoot
duckempire.sg,sgfoodonfoot
cyml1129,sgfoodonfoot
dea_bestbites,sgfoodonfoot
chengjimmy55,sgfoodonfoot
smolnibbles,sgfoodonfoot
euphoreiya_eats,sgfoodonfoot
ahzhor.mugwortkueh,sgfoodonfoot
kongbakbao.sg,sgfoodonfoot
dapurmyura,sgfoodonfoot
skinniefoodies,sgfoodonfoot
crispyunion,sgfoodonfoot
viewerstravel,sgfoodonfoot
linlin.veg,sgfoodonfoot
arcticgrocersg,sgfoodonfoot
foodiesnoopie,sgfoodonfoot
vimandvigourpr,sgfoodonfoot
earthspired,sgfoodonfoot
nenn.habibis,sgfoodonfoot
geplek.chillis,sgfoodonfoot
warungleri,sgfoodonfoot
recipesfordaughter,sgfoodonfoot
gerald_in_colors,sgfoodonfoot
1corinthian13.4,sgfoodonfoot
luckyfishes_,sgfoodonfoot
yoke.yoo,sgfoodonfoot
cecilia.phua,sgfoodonfoot
percivalbuensalida,sgfoodonfoot
staykhooandeat,sgfoodonfoot
lidjli,sgfoodonfoot
foodbymars_,sgfoodonfoot
fooddiekuu,sgfoodonfoot
fullstop.sin,sgfoodonfoot
fashion_for_evers,sgfoodonfoot
bak_changqueen,sgfoodonfoot
yummyumm.sg,sgfoodonfoot
wongfulleats,sgfoodonfoot
jeh1_thaithaikitchen,sgfoodonfoot
socialmarketllp,sgfoodonfoot
sygwife,sgfoodonfoot
dr.akilasrv,sgfoodonfoot
siamsushitallahassee,sgfoodonfoot
lindytan22,sgfoodonfoot
ooi_bo_jio,sgfoodonfoot
louiss.wang,sgfoodonfoot
kinsaryori,sgfoodonfoot
sgfoodiefam,sgfoodonfoot
ryostylez,sgfoodonfoot
elimchew77thstreet,sgfoodonfoot
fooding_good_life,sgfoodonfoot
yotsub4,sgfoodonfoot
thre3lilpigs,sgfoodonfoot
leechiak2,sgfoodonfoot
amyphang1,sgfoodonfoot
onetastymoment,sgfoodonfoot
thelastcustomers,sgfoodonfoot
annie_cooks1990,sgfoodonfoot
bhukkad_blog,sgfoodonfoot
jamieaone,sgfoodonfoot
markgktan,sgfoodonfoot
carinayong88,sgfoodonfoot
hakkachang,sgfoodonfoot
pure___23,sgfoodonfoot
lasagnation_sg,sgfoodonfoot
omahkayu.sg,sgfoodonfoot
gogogluttons,sgfoodonfoot
justforfun_mm,sgfoodonfoot
cheahpng,sgfoodonfoot
joints.sg,sgfoodonfoot
yatkayan,sgfoodonfoot
good_heart_good_eats_,sgfoodonfoot
lorbakmama,sgfoodonfoot
yolove666,sgfoodonfoot
gito_este,sgfoodonfoot
alicechienll,sgfoodonfoot
madeinoz.shop,sgfoodonfoot
hetypriscilla,sgfoodonfoot
fuluxe,sgfoodonfoot
facemaskexpress.sg,sgfoodonfoot
mammameveryday,sgfoodonfoot
jessicach03,sgfoodonfoot
dicsonstable,sgfoodonfoot
1durianleh,sgfoodonfoot
peterpanwesternfood,sgfoodonfoot
hongappetit,sgfoodonfoot
jaxs_bistro,sgfoodonfoot
marcorawframes,sgfoodonfoot
zein9629,sgfoodonfoot
bluewavedurian,sgfoodonfoot
laomadumplings,sgfoodonfoot
soulsugarbakes,sgfoodonfoot
whiskdom,sgfoodonfoot
bluewave_durian,sgfoodonfoot
jojomakyl,sgfoodonfoot
sansan_cooks,sgfoodonfoot
themasonstable,sgfoodonfoot
bakedreamzsg,sgfoodonfoot
chatsworthcookies,sgfoodonfoot
lovechowsg,sgfoodonfoot
fnbsays.sg,sgfoodonfoot
ms_syltong,sgfoodonfoot
mavis_wanczyk2470,sgfoodonfoot
winston_ng,sgfoodonfoot
brunchunnie,sgfoodonfoot
empresswan_kitchen,sgfoodonfoot
zaddy_fan,sgfoodonfoot
wonderlinedrahma,sgfoodonfoot
amealbymr.j,sgfoodonfoot
nicolwyw,sgfoodonfoot
nathsdetermination,sgfoodonfoot
laurel_beautifulvenues_food,sgfoodonfoot
pawonrap,sgfoodonfoot
ommznom,sgfoodonfoot
usarice.sg,sgfoodonfoot
miansgp,sgfoodonfoot
juihotan,sgfoodonfoot
singaporewithstrangers,sgfoodonfoot
testubebabe,sgfoodonfoot
tginasilemak,sgfoodonfoot
gastrogig,sgfoodonfoot
fatfoodieme,sgfoodonfoot
majesticbayrestaurantsg,sgfoodonfoot
mooody_foooody,sgfoodonfoot
akitchenfoods,sgfoodonfoot
missggrillandbar,sgfoodonfoot
kuehlapisbymom,sgfoodonfoot
tarablissspa,sgfoodonfoot
glacial.services,sgfoodonfoot
currycallmepapa,sgfoodonfoot
ki_kh_lin,sgfoodonfoot
eugenelu_,sgfoodonfoot
honeynyou_sg,sgfoodonfoot
muk_mat_coffee,sgfoodonfoot
plateable_,sgfoodonfoot
afterworkbakers,sgfoodonfoot
jsapphirenini,sgfoodonfoot
6liandurian,sgfoodonfoot
ay.den5510,sgfoodonfoot
blessedlittlehedgehog,sgfoodonfoot
easteeeats.claricetee,sgfoodonfoot
camyspassion,sgfoodonfoot
iiioo____88,sgfoodonfoot
fammealsg,sgfoodonfoot
joyfulbites.my,sgfoodonfoot
not_only_food87,sgfoodonfoot
allblackoutsg,sgfoodonfoot
masons.gillman,sgfoodonfoot
byawhiskersg,sgfoodonfoot
jasonpenangcuisine,sgfoodonfoot
bellyoffood,sgfoodonfoot
house_of_chirashi_sg,sgfoodonfoot
cutevioletbakes,sgfoodonfoot
dizzydumplings,sgfoodonfoot
eatdrinkplayhappysg,sgfoodonfoot
foodshopnetwork,sgfoodonfoot
ihustleatravelust,sgfoodonfoot
lao_muji,sgfoodonfoot
yammycakesg,sgfoodonfoot
travel.dine.world,sgfoodonfoot
danielsmellysa,sgfoodonfoot
mdmlewbuttercake,sgfoodonfoot
webandtoast,sgfoodonfoot
xtrasgg,sgfoodonfoot
numello.sg,sgfoodonfoot
karen_tohh,sgfoodonfoot
cherishmeahh,sgfoodonfoot
bite.sizesg,sgfoodonfoot
periqillo,sgfoodonfoot
ceciliasmeryenda,sgfoodonfoot
shiopanz,sgfoodonfoot
dfordough,sgfoodonfoot
belsfoodblog,sgfoodonfoot
billy_shabani,sgfoodonfoot
shannomnomnoms,sgfoodonfoot
assortedmuffins,sgfoodonfoot
sashaspantry,sgfoodonfoot
yl_cookingdairy,sgfoodonfoot
gimmethatcheeseburger,sgfoodonfoot
myhardearnedmoney,sgfoodonfoot
xiexieni.sg,sgfoodonfoot
jjjjanetttt,sgfoodonfoot
azhibekovaartykbu,sgfoodonfoot
s3ah2019,sgfoodonfoot
malzvlogs,sgfoodonfoot
yusquad4,sgfoodonfoot
foodie.liang,sgfoodonfoot
shineeztarleevingthelife,sgfoodonfoot
sharonmah6,sgfoodonfoot
indorasa.sg,sgfoodonfoot
skybistronsrcc,sgfoodonfoot
smilecoffee25,sgfoodonfoot
aranchaglez3,sgfoodonfoot
alchemy_foods,sgfoodonfoot
marktampakho,sgfoodonfoot
jeffo_wings,sgfoodonfoot
chongpanghuat_mm,sgfoodonfoot
grandmacancook,sgfoodonfoot
mrandmrsmakan,sgfoodonfoot
tbdecided,sgfoodonfoot
mc_bo_eng,sgfoodonfoot
myjollycorner,sgfoodonfoot
sugartreegelato,sgfoodonfoot
ta24fdd,sgfoodonfoot
foodunknownph,sgfoodonfoot
agucooks,sgfoodonfoot
taitaismarket,sgfoodonfoot
senghuattraditioncoffee,sgfoodonfoot
barbiekerr.wang1130,sgfoodonfoot
mamink_daeng_tata,sgfoodonfoot
wcl_mysg,sgfoodonfoot
jikpix,sgfoodonfoot
wkndbaker,sgfoodonfoot
foodfoodiefoodfood,sgfoodonfoot
__themonocook__,sgfoodonfoot
msphebs_parach,sgfoodonfoot
food_monsterz,sgfoodonfoot
food.forphotos,sgfoodonfoot
dwealthfx,sgfoodonfoot
backdoor_alley,sgfoodonfoot
mistercycles,sgfoodonfoot
fitnessdumbbells,sgfoodonfoot
harmonynasilemak,sgfoodonfoot
tartsoclock,sgfoodonfoot
fryzyysg,sgfoodonfoot
dr.ap04,sgfoodonfoot
soupnco_sg,sgfoodonfoot
fooderella95,sgfoodonfoot
cookiefix.sg,sgfoodonfoot
chloejuliarella,sgfoodonfoot
a.counting.cook,sgfoodonfoot
jwalangrg,sgfoodonfoot
whitecolorplates,sgfoodonfoot
cyu_food,sgfoodonfoot
bybakesmithj,sgfoodonfoot
thechinesepotion,sgfoodonfoot
hockguanfood,sgfoodonfoot
interestingdiscoveries,sgfoodonfoot
bindingbits,sgfoodonfoot
uncledidi48,sgfoodonfoot
instaflo77,sgfoodonfoot
yamadad.hk,sgfoodonfoot
sgfooddiva,sgfoodonfoot
eightgems,sgfoodonfoot
ash.leigh.yan,sgfoodonfoot
leeanniela,sgfoodonfoot
emosnackssg,sgfoodonfoot
ioosteriasg,sgfoodonfoot
brandingsolutions.ad,sgfoodonfoot
orchardfoodmarket,sgfoodonfoot
hongyunkitchen,sgfoodonfoot
sgkofuku,sgfoodonfoot
foodnally,sgfoodonfoot
mischief.sg,sgfoodonfoot
ohsomebowls.sg,sgfoodonfoot
overlycheezysg,sgfoodonfoot
marsha.kimcil,sgfoodonfoot
snackit.sg,sgfoodonfoot
deenkooks,sgfoodonfoot
nalaroosg,sgfoodonfoot
yun_deli,sgfoodonfoot
watchwhenhungry,sgfoodonfoot
tea_andtalk,sgfoodonfoot
papistacossg,sgfoodonfoot
poklol.tv,sgfoodonfoot
team_catering,sgfoodonfoot
allagbaestelle,sgfoodonfoot
racketbishop,sgfoodonfoot
nuttojar,sgfoodonfoot
purechimp.asia,sgfoodonfoot
congee_house,sgfoodonfoot
seatobag,sgfoodonfoot
ghostdoggojeuneoghan,sgfoodonfoot
wfhkitchen.co,sgfoodonfoot
sylovesfood,sgfoodonfoot
cooking_mehhh,sgfoodonfoot
inhealaroma,sgfoodonfoot
yumsinmytummy,sgfoodonfoot
nandezfood,sgfoodonfoot
1litre_sg,sgfoodonfoot
madmexsingapore,sgfoodonfoot
dunjudge.me,sgfoodonfoot
quikerly.sg,sgfoodonfoot
jember310,sgfoodonfoot
_2ir.j,sgfoodonfoot
anyhowlycooking,sgfoodonfoot
simplehealthyfoodeats,sgfoodonfoot
jytan1,sgfoodonfoot
gastroneomy,sgfoodonfoot
foo.dlo2020,sgfoodonfoot
jogindervashish,sgfoodonfoot
chris.tiankoh,sgfoodonfoot
shaoparadise,sgfoodonfoot
anita_03_69,sgfoodonfoot
kkandeat,sgfoodonfoot
melmeowling,sgfoodonfoot
muahcheeboy,sgfoodonfoot
nalasingapore,sgfoodonfoot
thewoodenfork,sgfoodonfoot
chelchefp,sgfoodonfoot
yt_cookndine,sgfoodonfoot
v.o.s.s.a,sgfoodonfoot
linorestaurant,sgfoodonfoot
csfoodsg,sgfoodonfoot
ellie.foodie.lover,sgfoodonfoot
jeffrytuisieng,sgfoodonfoot
leonardlew1990,sgfoodonfoot
govinhairsg,sgfoodonfoot
tidbits.app,sgfoodonfoot
qrmart.sg,sgfoodonfoot
siamsaap,sgfoodonfoot
menusandvenues.sg,sgfoodonfoot
cheesystoryy,sgfoodonfoot
iamkeffie,sheeatsshecooks
saymio1989,sheeatsshecooks
fnbsays.sg,sheeatsshecooks
msphebs_parach,sheeatsshecooks
smilecoffee25,sheeatsshecooks
govinhairsg,sheeatsshecooks
jessicach03,sheeatsshecooks
thewoodenfork,sheeatsshecooks
facemaskexpress.sg,sheeatsshecooks
quikerly.sg,sheeatsshecooks
yotsub4,sheeatsshecooks
camyspassion,sheeatsshecooks
afterworkbakers,sheeatsshecooks
sweetnessthatlingers,sheeatsshecooks
belly.baobao,sheeatsshecooks
laurel_beautifulvenues_food,sheeatsshecooks
dizzydumplings,sheeatsshecooks
jhove_cooks,sheeatsshecooks
azhibekovaartykbu,sheeatsshecooks
siamsushitallahassee,sheeatsshecooks
ihustleatravelust,sheeatsshecooks
ghostdoggojeuneoghan,sheeatsshecooks
eatdiarybyrach,sheeatsshecooks
marcorawframes,sheeatsshecooks
lovechowsg,sheeatsshecooks
whiskdom,sheeatsshecooks
house_of_chirashi_sg,sheeatsshecooks
majesticbayrestaurantsg,sheeatsshecooks
soupnco_sg,sheeatsshecooks
old_lee_ytf,sheeatsshecooks
ommznom,sheeatsshecooks
yl_cookingdairy,sheeatsshecooks
ceciliasmeryenda,sheeatsshecooks
jeffo_wings,sheeatsshecooks
yammycakesg,sheeatsshecooks
mrandmrsmakan,sheeatsshecooks
brandfitsg,sheeatsshecooks
yumsinmytummy,sheeatsshecooks
bindingbits,sheeatsshecooks
shannomnomnoms,sheeatsshecooks
dwealthfx,sheeatsshecooks
cutevioletbakes,sheeatsshecooks
kwonnutrition,sheeatsshecooks
dfordough,sheeatsshecooks
whimsical.woodlands,sheeatsshecooks
danielsmellysa,sheeatsshecooks
anyhowlycooking,sheeatsshecooks
team_catering,sheeatsshecooks
myhardearnedmoney,sheeatsshecooks
littlefeetbigfootprints,sheeatsshecooks
wcl_mysg,sheeatsshecooks
harmonynasilemak,sheeatsshecooks
fryzyysg,sheeatsshecooks
a.counting.cook,sheeatsshecooks
tidbits.app,sheeatsshecooks
uncledidi48,sheeatsshecooks
yamadad.hk,sheeatsshecooks
seatobag,sheeatsshecooks
sg_foodhopper,sheeatsshecooks
morselsdabao,sheeatsshecooks
allagbaestelle,sheeatsshecooks
nandezfood,sheeatsshecooks
menusandvenues.sg,sheeatsshecooks
papistacossg,sheeatsshecooks
ioosteriasg,sheeatsshecooks
gastroneomy,sheeatsshecooks
mamink_daeng_tata,sheeatsshecooks
melmeowling,sheeatsshecooks
inhealaroma,sheeatsshecooks
v.o.s.s.a,sheeatsshecooks
chelchefp,sheeatsshecooks
siamsaap,sheeatsshecooks
dirtybunsg,sheeatsshecooks
foodalbum1,sheeatsshecooks
eva_expresso,sheeatsshecooks
thebaldmancooks,sheeatsshecooks
sluckeatinghouse,sheeatsshecooks
bali_royal_cuisine,sheeatsshecooks
thegourmetemporiumsg,sheeatsshecooks
pratalobang,sheeatsshecooks
gokbbq_singapore,sheeatsshecooks
trusted_0,sheeatsshecooks
kaisushisb,sheeatsshecooks
shangfinecollection,sheeatsshecooks
sgdabao,sheeatsshecooks
belliesfooddiary,sheeatsshecooks
littlestuff_sg,sheeatsshecooks
theemeraldbakery,sheeatsshecooks
omkelthoum_k,sheeatsshecooks
a1curry_co,sheeatsshecooks
lepetitcroissantasia,sheeatsshecooks
vimandvigourpr,sheeatsshecooks
art.farid.m.s,sheeatsshecooks
billy_shabani,sheeatsshecooks
saymio1989,stormscape
sylvviaa18,stormscape
dadmade_,stormscape
tts_eurocars,stormscape
mohd_sohib__07,stormscape
art.farid.m.s,stormscape
yonyon_83,stormscape
billyrusso786,stormscape
pohhuaindustrial,stormscape
soulsearing,stormscape
chillathome1,stormscape
jiaowopapi,stormscape
sourspicykimchi,stormscape
sgfoodcollective,stormscape
oimakanalr,stormscape
percivalbuensalida,stormscape
gerald_in_colors,stormscape
pawonrap,stormscape
no_content_nix,stormscape
iamkeffie,stormscape
cyml1129,stormscape
shindymrryna,stormscape
dea_bestbites,stormscape
smolnibbles,stormscape
euphoreiya_eats,stormscape
ahzhor.mugwortkueh,stormscape
kongbakbao.sg,stormscape
crispyunion,stormscape
madeinoz.shop,stormscape
sgfoodiefam,stormscape
linlin.veg,stormscape
vimandvigourpr,stormscape
earthspired,stormscape
nenn.habibis,stormscape
the.coney,stormscape
warungleri,stormscape
bybakesmithj,stormscape
fullstop.sin,stormscape
fashion_for_evers,stormscape
bak_changqueen,stormscape
wongfulleats,stormscape
papistacossg,stormscape
sygwife,stormscape
vegiiland,stormscape
fooding_good_life,stormscape
tarablissspa,stormscape
thre3lilpigs,stormscape
ioosteriasg,stormscape
lovechowsg,stormscape
amyphang1,stormscape
onetastymoment,stormscape
bhukkad_blog,stormscape
myhardearnedmoney,stormscape
markgktan,stormscape
ihustleatravelust,stormscape
carinayong88,stormscape
hakkachang,stormscape
wunderfolks,stormscape
justforfun_mm,stormscape
good_heart_good_eats_,stormscape
jwalangrg,stormscape
team_catering,stormscape
gito_este,stormscape
alicechienll,stormscape
jessicach03,stormscape
1durianleh,stormscape
hongappetit,stormscape
laomadumplings,stormscape
jaxs_bistro,stormscape
zein9629,stormscape
bluewavedurian,stormscape
soulsugarbakes,stormscape
marcorawframes,stormscape
jojomakyl,stormscape
whiskdom,stormscape
bluewave_durian,stormscape
fuluxe,stormscape
yenlyyourssingapore,stormscape
skinniefoodies,stormscape
chatsworthcookies,stormscape
ms_syltong,stormscape
empresswan_kitchen,stormscape
zaddy_fan,stormscape
fooddiekuu,stormscape
diningcitysingapore,stormscape
nathsdetermination,stormscape
laurel_beautifulvenues_food,stormscape
juihotan,stormscape
singaporewithstrangers,stormscape
tginasilemak,stormscape
fatfoodieme,stormscape
majesticbayrestaurantsg,stormscape
joey1523,stormscape
mooody_foooody,stormscape
facemaskexpress.sg,stormscape
missggrillandbar,stormscape
sweetnessthatlingers,stormscape
agucooks,stormscape
honeynyou_sg,stormscape
glacial.services,stormscape
johnnywong5566,stormscape
ay.den5510,stormscape
marktampakho,stormscape
geplek.chillis,stormscape
iiioo____88,stormscape
bakenlove93,stormscape
chris.tiankoh,stormscape
periqillo,stormscape
allblackoutsg,stormscape
masons.gillman,stormscape
jasonpenangcuisine,stormscape
house_of_chirashi_sg,stormscape
bellyoffood,stormscape
cutevioletbakes,stormscape
dizzydumplings,stormscape
lao_muji,stormscape
yammycakesg,stormscape
webandtoast,stormscape
xtrasgg,stormscape
numello.sg,stormscape
ceciliasmeryenda,stormscape
cherishmeahh,stormscape
bite.sizesg,stormscape
cakesandyarns,stormscape
dfordough,stormscape
belsfoodblog,stormscape
poklol.tv,stormscape
assortedmuffins,stormscape
msphebs_parach,stormscape
sashaspantry,stormscape
yl_cookingdairy,stormscape
jjjjanetttt,stormscape
azhibekovaartykbu,stormscape
malzvlogs,stormscape
anyhowlycooking,stormscape
cookiefix.sg,stormscape
skybistronsrcc,stormscape
yusquad4,stormscape
foodie.liang,stormscape
indorasa.sg,stormscape
travel.dine.world,stormscape
backdoor_alley,stormscape
smilecoffee25,stormscape
happyjoylaughter,stormscape
aranchaglez3,stormscape
soupnco_sg,stormscape
come.jade,stormscape
jeffo_wings,stormscape
grandmacancook,stormscape
whitecolorplates,stormscape
mc_bo_eng,stormscape
yoake_culinary_fun,stormscape
sugartreegelato,stormscape
ta24fdd,stormscape
taitaismarket,stormscape
my9essentials,stormscape
barbiekerr.wang1130,stormscape
mamink_daeng_tata,stormscape
wcl_mysg,stormscape
wkndbaker,stormscape
sgfooddiva,stormscape
jikpix,stormscape
akitchenfoods,stormscape
__themonocook__,stormscape
shiopanz,stormscape
myjollycorner,stormscape
dwealthfx,stormscape
harmonynasilemak,stormscape
fitnessdumbbells,stormscape
tartsoclock,stormscape
fryzyysg,stormscape
gokbbq_singapore,stormscape
fooderella95,stormscape
yamadad.hk,stormscape
a.counting.cook,stormscape
hockguanfood,stormscape
leeanniela,stormscape
emosnackssg,stormscape
ohsomebowls.sg,stormscape
orchardfoodmarket,stormscape
marsha.kimcil,stormscape
deenkooks,stormscape
inhealaroma,stormscape
tea_andtalk,stormscape
allagbaestelle,stormscape
racketbishop,stormscape
purechimp.asia,stormscape
nandezfood,stormscape
wfhkitchen.co,stormscape
sylovesfood,stormscape
ms.xpress.sg,stormscape
seatobag,stormscape
madmexsingapore,stormscape
jember310,stormscape
shaoparadise,stormscape
simplehealthyfoodeats,stormscape
gastroneomy,stormscape
foo.dlo2020,stormscape
jogindervashish,stormscape
anita_03_69,stormscape
kkandeat,stormscape
melmeowling,stormscape
muahcheeboy,stormscape
nalasingapore,stormscape
thewoodenfork,stormscape
ellie.foodie.lover,stormscape
old_lee_ytf,stormscape
chelchefp,stormscape
v.o.s.s.a,stormscape
linorestaurant,stormscape
jeffrytuisieng,stormscape
leonardlew1990,stormscape
siamsaap,stormscape
cheesystoryy,stormscape
menusandvenues.sg,stormscape
goingom,stormscape
jkktamjiak,stormscape
japan.anime55,stormscape
sg_foodhopper,stormscape
bodegas_solis,stormscape
foodalbum1,stormscape
store.eosg,stormscape
thebaldmancooks,stormscape
eva_expresso,stormscape
sluckeatinghouse,stormscape
bali_royal_cuisine,stormscape
thegourmetemporiumsg,stormscape
uncledidi48,stormscape
glazovtakes,stormscape
fiery.141,stormscape
dirtybunsg,stormscape
sridevi18,stormscape
yoke.yoo,stormscape
kaisushisb,stormscape
sgdabao,stormscape
belliesfooddiary,stormscape
mizzycorner,stormscape
morselsdabao,stormscape
littlestuff_sg,stormscape
shangfinecollection,stormscape
trusted_0,stormscape
uninanda,stormscape
brandfitsg,stormscape
hq_3_kibummie,stormscape
kwonnutrition,stormscape
omkelthoum_k,stormscape
wendintoglam,stormscape
a1curry_co,stormscape
lepetitcroissantasia,stormscape
jumpyjinggoestoeat,stormscape
danielsmellysa,stormscape
littlefeetbigfootprints,stormscape
palace_korean_restaurant,stormscape
iamkeffie,thesilverchef
sylvviaa18,thesilverchef
palace_korean_restaurant,thesilverchef
tts_eurocars,thesilverchef
mohd_sohib__07,thesilverchef
art.farid.m.s,thesilverchef
yonyon_83,thesilverchef
ll_ll_2021,thesilverchef
billyrusso786,thesilverchef
coffeetorque,thesilverchef
ivan.kong2,thesilverchef
chillathome1,thesilverchef
saymio1989,thesilverchef
sourspicykimchi,thesilverchef
dadmade_,thesilverchef
oimakanalr,thesilverchef
angeleubakery,thesilverchef
madeinoz.shop,thesilverchef
percivalbuensalida,thesilverchef
pawonrap,thesilverchef
no_content_nix,thesilverchef
cyml1129,thesilverchef
dea_bestbites,thesilverchef
1corinthian13.4,thesilverchef
chengjimmy55,thesilverchef
euphoreiya_eats,thesilverchef
ahzhor.mugwortkueh,thesilverchef
dapurmyura,thesilverchef
kongbakbao.sg,thesilverchef
skinniefoodies,thesilverchef
warungleri,thesilverchef
viewerstravel,thesilverchef
linlin.veg,thesilverchef
foodiesnoopie,thesilverchef
earthspired,thesilverchef
nenn.habibis,thesilverchef
fooddiekuu,thesilverchef
recipesfordaughter,thesilverchef
yoke.yoo,thesilverchef
lidjli,thesilverchef
foodbymars_,thesilverchef
fullstop.sin,thesilverchef
fashion_for_evers,thesilverchef
yummyumm.sg,thesilverchef
wongfulleats,thesilverchef
sygwife,thesilverchef
sridevi18,thesilverchef
jeh1_thaithaikitchen,thesilverchef
glazovtakes,thesilverchef
siamsushitallahassee,thesilverchef
lindytan22,thesilverchef
kinsaryori,thesilverchef
ryostylez,thesilverchef
elimchew77thstreet,thesilverchef
fooding_good_life,thesilverchef
yotsub4,thesilverchef
travel.dine.world,thesilverchef
ki_kh_lin,thesilverchef
leechiak2,thesilverchef
amyphang1,thesilverchef
onetastymoment,thesilverchef
justforfun_mm,thesilverchef
afterworkbakers,thesilverchef
bhukkad_blog,thesilverchef
myhardearnedmoney,thesilverchef
jamieaone,thesilverchef
markgktan,thesilverchef
hakkachang,thesilverchef
omahkayu.sg,thesilverchef
gogogluttons,thesilverchef
arcticgrocersg,thesilverchef
good_heart_good_eats_,thesilverchef
gito_este,thesilverchef
alicechienll,thesilverchef
hetypriscilla,thesilverchef
mammameveryday,thesilverchef
fuluxe,thesilverchef
jessicach03,thesilverchef
itz.all.about.foodddd,thesilverchef
dicsonstable,thesilverchef
annie_cooks1990,thesilverchef
bakenlove93,thesilverchef
peterpanwesternfood,thesilverchef
laomadumplings,thesilverchef
marcorawframes,thesilverchef
hongappetit,thesilverchef
bluewavedurian,thesilverchef
soulsugarbakes,thesilverchef
jojomakyl,thesilverchef
bluewave_durian,thesilverchef
lovechowsg,thesilverchef
fnbsays.sg,thesilverchef
ms_syltong,thesilverchef
mavis_wanczyk2470,thesilverchef
brunchunnie,thesilverchef
empresswan_kitchen,thesilverchef
bakedreamzsg,thesilverchef
zaddy_fan,thesilverchef
laurel_beautifulvenues_food,thesilverchef
amealbymr.j,thesilverchef
ommznom,thesilverchef
team_catering,thesilverchef
usarice.sg,thesilverchef
sun_todolist,thesilverchef
juihotan,thesilverchef
singaporewithstrangers,thesilverchef
smilecoffee25,thesilverchef
testubebabe,thesilverchef
tginasilemak,thesilverchef
diningcitysingapore,thesilverchef
gastrogig,thesilverchef
fatfoodieme,thesilverchef
majesticbayrestaurantsg,thesilverchef
mooody_foooody,thesilverchef
missggrillandbar,thesilverchef
jsapphirenini,thesilverchef
facemaskexpress.sg,thesilverchef
tarablissspa,thesilverchef
honeynyou_sg,thesilverchef
muk_mat_coffee,thesilverchef
meloaad26,thesilverchef
easteeeats.claricetee,thesilverchef
ay.den5510,thesilverchef
snackit.sg,thesilverchef
iiioo____88,thesilverchef
fammealsg,thesilverchef
eatdiarybyrach,thesilverchef
chris.tiankoh,thesilverchef
masons.gillman,thesilverchef
jasonpenangcuisine,thesilverchef
house_of_chirashi_sg,thesilverchef
dizzydumplings,thesilverchef
foodshopnetwork,thesilverchef
lao_muji,thesilverchef
yammycakesg,thesilverchef
mdmlewbuttercake,thesilverchef
chloejuliarella,thesilverchef
webandtoast,thesilverchef
numello.sg,thesilverchef
karen_tohh,thesilverchef
cherishmeahh,thesilverchef
bite.sizesg,thesilverchef
periqillo,thesilverchef
cakesandyarns,thesilverchef
ceciliasmeryenda,thesilverchef
shiopanz,thesilverchef
dfordough,thesilverchef
billy_shabani,thesilverchef
assortedmuffins,thesilverchef
carinayong88,thesilverchef
yoake_culinary_fun,thesilverchef
family___chef,thesilverchef
jjjjanetttt,thesilverchef
azhibekovaartykbu,thesilverchef
s3ah2019,thesilverchef
sharonmah6,thesilverchef
malzvlogs,thesilverchef
foodie.liang,thesilverchef
foodunknownph,thesilverchef
marktampakho,thesilverchef
allblackoutsg,thesilverchef
aranchaglez3,thesilverchef
happyjoylaughter,thesilverchef
soupnco_sg,thesilverchef
ihustleatravelust,thesilverchef
yusquad4,thesilverchef
jeffo_wings,thesilverchef
blessedlittlehedgehog,thesilverchef
grandmacancook,thesilverchef
myjollycorner,thesilverchef
tbdecided,thesilverchef
mc_bo_eng,thesilverchef
flourndins,thesilverchef
my9essentials,thesilverchef
barbiekerr.wang1130,thesilverchef
wcl_mysg,thesilverchef
wkndbaker,thesilverchef
sgfooddiva,thesilverchef
jikpix,thesilverchef
foodfoodiefoodfood,thesilverchef
__themonocook__,thesilverchef
msphebs_parach,thesilverchef
dwealthfx,thesilverchef
ta24fdd,thesilverchef
harmonynasilemak,thesilverchef
mrandmrsmakan,thesilverchef
sweetnessthatlingers,thesilverchef
fryzyysg,thesilverchef
gokbbq_singapore,thesilverchef
dr.ap04,thesilverchef
nathsdetermination,thesilverchef
a.counting.cook,thesilverchef
thechinesepotion,thesilverchef
whitecolorplates,thesilverchef
hockguanfood,thesilverchef
bybakesmithj,thesilverchef
interestingdiscoveries,thesilverchef
instaflo77,thesilverchef
mamink_daeng_tata,thesilverchef
yamadad.hk,thesilverchef
eightgems,thesilverchef
ioosteriasg,thesilverchef
ash.leigh.yan,thesilverchef
brandingsolutions.ad,thesilverchef
leeanniela,thesilverchef
alchemy_foods,thesilverchef
emosnackssg,thesilverchef
hongyunkitchen,thesilverchef
mischief.sg,thesilverchef
sgkofuku,thesilverchef
foodnally,thesilverchef
marsha.kimcil,thesilverchef
deenkooks,thesilverchef
agucooks,thesilverchef
nalaroosg,thesilverchef
yun_deli,thesilverchef
watchwhenhungry,thesilverchef
whimsical.woodlands,thesilverchef
tea_andtalk,thesilverchef
belly.baobao,thesilverchef
nuttojar,thesilverchef
allagbaestelle,thesilverchef
racketbishop,thesilverchef
purechimp.asia,thesilverchef
wfhkitchen.co,thesilverchef
papistacossg,thesilverchef
ghostdoggojeuneoghan,thesilverchef
yt_cookndine,thesilverchef
nandezfood,thesilverchef
cooking_mehhh,thesilverchef
thefoodeve,thesilverchef
seatobag,thesilverchef
yumsinmytummy,thesilverchef
1litre_sg,thesilverchef
madmexsingapore,thesilverchef
dunjudge.me,thesilverchef
quikerly.sg,thesilverchef
jember310,thesilverchef
cyu_food,thesilverchef
simplehealthyfoodeats,thesilverchef
fiery.141,thesilverchef
gastroneomy,thesilverchef
jogindervashish,thesilverchef
anyhowlycooking,thesilverchef
anita_03_69,thesilverchef
kkandeat,thesilverchef
melmeowling,thesilverchef
mizzycorner,thesilverchef
nalasingapore,thesilverchef
thewoodenfork,thesilverchef
chelchefp,thesilverchef
v.o.s.s.a,thesilverchef
linorestaurant,thesilverchef
csfoodsg,thesilverchef
ellie.foodie.lover,thesilverchef
leonardlew1990,thesilverchef
govinhairsg,thesilverchef
tidbits.app,thesilverchef
jhove_cooks,thesilverchef
qrmart.sg,thesilverchef
siamsaap,thesilverchef
cheesystoryy,thesilverchef
menusandvenues.sg,thesilverchef
goingom,thesilverchef
jkktamjiak,thesilverchef
old_lee_ytf,thesilverchef
japan.anime55,thesilverchef
sg_foodhopper,thesilverchef
bodegas_solis,thesilverchef
foodalbum1,thesilverchef
store.eosg,thesilverchef
